000000003F800000
000000003F800000
000000003F800000
000000003F800000
000000003F800000
000000003F800000
000000003F800000
000000003F800000
000000003F800000
000000003F800000
000000003F800000
000000003F800000
000000003F800000
000000003F800000
000000003F800000
000000003F800000
000000003F800000
000000003F800000
000000003F800000
000000003F800000
000000003F800000
000000003F800000
000000003F800000
000000003F800000
000000003F800000
000000003F800000
000000003F800000
000000003F800000
000000003F800000
000000003F800000
000000003F800000
000000003F800000
000000003F800000
000000003F800000
000000003F800000
000000003F800000
000000003F800000
000000003F800000
000000003F800000
000000003F800000
000000003F800000
000000003F800000
000000003F800000
000000003F800000
000000003F800000
000000003F800000
000000003F800000
000000003F800000
000000003F800000
000000003F800000
000000003F800000
000000003F800000
000000003F800000
000000003F800000
000000003F800000
000000003F800000
000000003F800000
000000003F800000
000000003F800000
000000003F800000
000000003F800000
000000003F800000
000000003F800000
000000003F800000
3F576AA43F0A5140
3F3A3B043F2FA753
3F1DAF693F49ABE5
3F03BF123F5B7F36
3EDA40353F679391
3EB3C17D3F6FB433
3E93800D3F752591
3E7178A53F78C7CD
3E4555A93F7B3395
3E2117993F7CCFF6
3E0369973F7DE219
3DD64D003F7E983A
3DAEAE473F7F112E
3D8E5B2F3F7F617C
3D67FE9B3F7F96CC
3D3D05533F7FBA2E
3D19FF7D3F7FD1AA
3CFAEB333F7FE140
3CCC69DA3F7FEB98
3CA6864A3F7FF275
3C87A82C3F7FF703
3C5D05353F7FFA09
3C340C7F3F7FFC0B
3C12ABFF3F7FFD60
3BEEF6C33F7FFE42
3BC2AA2A3F7FFED8
3B9E93DA3F7FFF3C
3B812E1F3F7FFF7E
3B5277083F7FFFA9
3B2B72D03F7FFFC7
3B0BAA3A3F7FFFDA
3AE38C083F7FFFE7
3AB95D1E3F7FFFEF
3A9700223F7FFFF5
3A7603E83F7FFFF9
3A4868853F7FFFFB
3A23418C3F7FFFFD
3A04FDBF3F7FFFFE
39D8AC803F7FFFFF
39B081993F7FFFFF
398FC8F73F7FFFFF
396A42703F800000
393ED4F43F800000
391B74753F800000
38FD45C23F800000
38CE51F53F800000
38A8126B3F800000
3888EA103F800000
385F10C43F800000
3835B6873F800000
381406CB3F800000
37F12B813F800000
37C476113F800000
37A00A693F800000
37825F343F800000
375468083F800000
372D07A73F800000
370CF4013F800000
36E5A54D3F800000
36BB12C73F800000
369864A73F800000
367848C23F800000
364A41B03F800000
3624C2FF3F800000
3F68C7B7BED51133
3F7F9021BD6F39F6
3F7871363E76FB04
3F61EBD73EF0CB95
3F456DBF3F22F74B
3F28502C3F40E3ED
3F0D3F313F5581D9
3EEAA9563F638774
3EC1A2C03F6CFC62
3E9F16183F73542A
3E82536A3F779158
3E551FD43F7A64D9
3E2E0B513F7C4675
3E0E03093F7D86B6
3DE79F443F7E5B85
3DBCD1C53F7EE8DE
3D99E39D3F7F46B9
3D7ACD0F3F7F8508
3D4C598F3F7FAE64
3D267D7B3F7FC9D7
3D07A3693F7FDC0F
3CDD000F3F7FE826
3CB409B63F7FF02C
3C92AA7E3F7FF57F
3C6EF5233F7FF908
3C42A9493F7FFB60
3C1E93603F7FFCEE
3C012DDE3F7FFDF7
3BD276C13F7FFEA6
3BAB72A93F7FFF1A
3B8BAA253F7FFF68
3B638BF23F7FFF9B
3B395D123F7FFFBD
3B17001B3F7FFFD3
3AF603E13F7FFFE2
3AC868813F7FFFEC
3AA3418A3F7FFFF3
3A84FDBD3F7FFFF7
3A58AC7F3F7FFFFA
3A3081983F7FFFFC
3A0FC8F73F7FFFFD
39EA42703F7FFFFE
39BED4F33F7FFFFF
399B74753F7FFFFF
397D45C23F800000
394E51F53F800000
3928126B3F800000
3908EA103F800000
38DF10C43F800000
38B5B6873F800000
389406CB3F800000
38712B813F800000
384476113F800000
38200A693F800000
38025F343F800000
37D468083F800000
37AD07A73F800000
378CF4013F800000
3765A54D3F800000
373B12C73F800000
371864A73F800000
36F848C23F800000
36CA41B03F800000
36A4C2FF3F800000
3E1081C3BF7D7026
3F247A1CBF442BF2
3F69C000BED0C6DD
3F7FAAF8BD50965E
3F780F903E7D0A61
3F6151E73EF309DC
3F44C4613F23C3A1
3F27AD083F4171CD
3F0CAC2C3F55E2D3
3EE9AA293F63C912
3EC0CA483F6D287C
3E9E610F3F7371AE
3E81BD623F77A50B
3E54289D3F7A71F8
3E2D406E3F7C4F2F
3E0D5CF13F7D8C83
3DE68FC73F7E5F60
3DBBF4223F7EEB6D
3D992ECF3F7F486C
3D79A6343F7F8629
3D4B69363F7FAF23
3D25B99C3F7FCA56
3D0703CE3F7FDC63
3CDBFBFA3F7FE85E
3CB335D23F7FF051
3C91FDDD3F7FF598
3C6DDBE03F7FF918
3C41C4283F7FFB6B
3C1DD8B83F7FFCF5
3C0095CF3F7FFDFB
3BD17F043F7FFEA9
3BAAA8D93F7FFF1C
3B8B05BE3F7FFF69
3B6280183F7FFF9C
3B3882E03F7FFFBE
3B164E5C3F7FFFD4
3AF4E24A3F7FFFE3
3AC77C993F7FFFED
3AA2815E3F7FFFF3
3A8461313F7FFFF7
3A57AD723F7FFFFA
3A2FB1D33F7FFFFC
3A0F1FB63F7FFFFD
39E92EAF3F7FFFFE
39BDF4513F7FFFFF
399ABD773F7FFFFF
397C1BA03F800000
394D5F173F800000
39274C933F800000
390848E53F800000
38DE0A313F800000
38B4E0A13F800000
3893588C3F800000
38700F9E3F800000
38438ECE3F800000
381F4E063F800000
3801C5BD3F800000
37D36E013F800000
37AC3BFA3F800000
378C4E153F800000
376496FB3F800000
373A36923F800000
3717B1443F800000
36F7247F3F800000
BF41BDCFBF275530
BDEED16BBF7E40E5
3EEFB065BF623714
3F5480C3BF0EC0D4
3F7B5C52BE4210B6
3F7DA3F73E0AB56E
3F6B9A703EC84552
3F5090513F1472FF
3F3340EF3F36C49A
3F1736463F4E91C6
3EFC10F33F5ED397
3ED0750A3F69D241
3EAB830B3F713594
3E8CA3BA3F762714
3E6622D33F79737A
3E3C03E43F7BA5DA
3E19743D3F7D1BF1
3DFA54963F7E1496
3DCC186A3F7EB9C2
3DA65A423F7F2772
3D87905E3F7F7044
3D5CEB773F7FA09B
3D33FE953F7FC0B1
3D12A4793F7FD5FD
3CEEEEA13F7FE41E
3CC2A5C53F7FED7F
3C9E91793F7FF3B9
3C812CD63F7FF7DA
3C5275A43F7FFA98
3C2B72103F7FFC69
3C0BA9D23F7FFD9E
3BE38B983F7FFE6B
3BB95CE13F7FFEF4
3B9700013F7FFF4E
3B7603C43F7FFF8A
3B4868723F7FFFB2
3B2341823F7FFFCC
3B04FDB93F7FFFDD
3AD8AC7A3F7FFFE9
3AB081963F7FFFF1
3A8FC8F63F7FFFF6
3A6A426E3F7FFFF9
3A3ED4F33F7FFFFC
3A1B74743F7FFFFD
39FD45C23F7FFFFE
39CE51F43F7FFFFF
39A8126B3F7FFFFF
3988EA0F3F7FFFFF
395F10C43F800000
3935B6873F800000
391406CB3F800000
38F12B813F800000
38C476113F800000
38A00A693F800000
38825F343F800000
385468083F800000
382D07A73F800000
380CF4013F800000
37E5A54D3F800000
37BB12C73F800000
379864A73F800000
377848C23F800000
374A41B03F800000
3724C2FF3F800000
BF757C103E913C2C
BF4D716CBF18BD24
BE33B63FBF7C06D8
3ED9790FBF67C263
3F4EB2D6BF170911
3F79AB53BE6251AE
3F7E765F3DE020CF
3F6DB0243EBE2975
3F531D653F10CC59
3F35D3713F343589
3F19963B3F4CCF53
3F001F8D3F5DA19D
3ED408B23F690411
3EAE84FC3F70AB5B
3E8F24093F75CABD
3E6A44483F7935ED
3E3F690A3F7B7CE3
3E1C3C743F7D00B4
3DFEE17C3F7E027D
3DCFCFD03F7EADBD
3DA9629C3F7F1F77
3D8A09843F7F6AF8
3D60F3CA3F7F9D17
3D3747F33F7FBE5C
3D1552183F7FD470
3CF34BEA3F7FE317
3CC6340F3F7FECD1
3CA177153F7FF345
3C8389013F7FF78D
3C564E033F7FFA65
3C2E93F83F7FFC48
3C0E37153F7FFD88
3BE7B3EC3F7FFE5D
3BBCBFE83F7FFEEA
3B99C24D3F7FFF47
3B7A82803F7FFF85
3B4C11DA3F7FFFAF
3B263D233F7FFFCA
3B076BCA3F7FFFDC
3ADCA1F93F7FFFE8
3AB3BB323F7FFFF0
3A9269843F7FFFF6
3A6E8A2F3F7FFFF9
3A4251913F7FFFFB
3A1E4B993F7FFFFD
3A00F3393F7FFFFE
39D217053F7FFFFF
39AB24933F7FFFFF
398B6A7B3F7FFFFF
396324293F800000
3939087E3F800000
3916BB313F800000
38F593953F800000
38C80D043F800000
38A2F7013F800000
3884C1053F800000
385849913F800000
383031013F800000
380F87503F800000
37E9D7793F800000
37BE7DD13F800000
379B2D793F800000
377CD21C3F800000
374DF3BF3F800000
BE8F0F8C3F75CDB8
BF7C13733E329A91
BF3EA194BF2ADE1F
BDD05115BF7EAC17
3EF53170BF60BC50
3F55E96CBF0CA224
3F7BBECEBE39EA5B
3F7D67FA3E116652
3F6B0FC93ECACCF0
3F4FE96A3F155C68
3F3299C23F3767FA
3F169C763F4F0206
3EFB02BD3F5F1FCB
3ECF8E1D3F6A0597
3EAAC1033F7157FB
3E8C02723F763E10
3E65188D3F7982CB
3E3B29143F7BB00B
3E18C0F63F7D22B8
3DF92F623F7E1917
3DCB28F63F7EBCC0
3DA596DE3F7F296E
3D86F1063F7F7196
3D5BE7AB3F7FA17B
3D332AD73F7FC146
3D11F7EE3F7FD65F
3CEDD5753F7FE460
3CC1C0B03F7FEDAB
3C9DD6D83F7FF3D6
3C8094CC3F7FF7ED
3C517DEB3F7FFAA4
3C2AA8413F7FFC72
3C0B056C3F7FFDA4
3BE27FBF3F7FFE6F
3BB882B03F7FFEF6
3B964E423F7FFF50
3B74E22E3F7FFF8B
3B477C8A3F7FFFB2
3B2281563F7FFFCC
3B04612D3F7FFFDE
3AD7AD6D3F7FFFE9
3AAFB1D13F7FFFF1
3A8F1FB53F7FFFF6
3A692EAD3F7FFFF9
3A3DF4513F7FFFFC
3A1ABD773F7FFFFD
39FC1BA03F7FFFFE
39CD5F173F7FFFFF
39A74C933F7FFFFF
398848E53F7FFFFF
395E0A313F800000
3934E0A13F800000
3913588C3F800000
38F00F9E3F800000
38C38ECE3F800000
389F4E063F800000
3881C5BD3F800000
38536E013F800000
382C3BFA3F800000
380C4E153F800000
37E496FB3F800000
37BA36923F800000
3797B1443F800000
3777247F3F800000
3F2830463F40FFBD
BF0C7AAF3F560357
BF7F6C2BBD897B59
BF1963C0BF4CF525
3D71A1C5BF7F8DDE
3F16EBAABF4EC84F
3F63AEBABEEA10C5
3F7ED4DFBDC37366
3F7A32493E58CDCB
3F64D1E23EE5961C
3F48A9293F1EF827
3F2B720A3F3E1C97
3F1014393F539B39
3EEF96363F623E03
3EC5D1A43F6C1EDD
3EA296603F72BFE1
3E853A913F772E60
3E59E8BE3F7A22EC
3E31F8D33F7C1A99
3E113A4C3F7D698E
3DECE10D3F7E4827
3DC11C813F7EDC01
3D9D63FB3F7F3E2F
3D8041703F7F7F5D
3D5101263F7FAAA0
3D2A48963F7FC757
3D0ABAB73F7FDA66
3CE209853F7FE70C
3CB824433F7FEF71
3C96025C3F7FF503
3C74679F3F7FF8B5
3C47194D3F7FFB29
3C2230D03F7FFCCA
3C041FC13F7FFDDE
3BD743083F7FFE96
3BAF5B3F3F7FFF10
3B8ED93D3F7FFF61
3B68BBEE3F7FFF96
3B3D96DF3F7FFFBA
3B1A715D3F7FFFD1
3AFB9FA73F7FFFE1
3ACCFA1D3F7FFFEB
3AA6FA523F7FFFF2
3A8805E53F7FFFF7
3A5D9D083F7FFFFA
3A3487B53F7FFFFC
3A13101D3F7FFFFD
39EF999B3F7FFFFE
39C32EAC3F7FFFFF
399EFFB63F7FFFFF
398185F23F7FFFFF
395306113F800000
392BE74E3F800000
390C091C3F800000
38E4269B3F800000
38B9DB073F800000
389766B23F800000
3876AB013F800000
3848F0A33F800000
3823B06E3F800000
380558123F800000
37D93FAA3F800000
37B0F97A3F800000
37902A9F3F800000
3F7D4695BE14FDF6
3E6D30533F7909B0
BF53CD4A3F0FCA95
BF6CFEF9BEC19610
BEBE8C5FBF6D9C55
3E896E25BF769AFD
3F385074BF31A9CE
3F71E23EBEA7AB55
3F7FF3A63C9F0853
3F74078E3E9ABBB9
3F5B67093F03E750
3F3E65BB3F2B20CD
3F219A423F468BD6
3F073ACD3F595E42
3EE03FAF3F6623AD
3EB8D19F3F6EBD49
3E97B8A03F74807B
3E78740E3F7859B5
3E4B14523F7AEA49
3E25CD893F7C9F37
3E0744413F7DC1B3
3DDC99253F7E82B5
3DB3D2123F7F02E4
3D928C683F7F5800
3D6ED49C3F7F9080
3D4297B33F7FB600
3D1E89DE3F7FCEE4
3D0128BA3F7FDF69
3CD271323F7FEA5F
3CAB6FA83F7FF1A6
3C8BA8853F7FF67A
3C638A303F7FF9AE
3C395C1F3F7FFBCE
3C16FF983F7FFD37
3BF603533F7FFE27
3BC868343F7FFEC6
3BA341603F7FFF30
3B84FDA73F7FFF76
3B58AC673F7FFFA4
3B30818B3F7FFFC3
3B0FC8F03F7FFFD8
3AEA42683F7FFFE5
3ABED4EF3F7FFFEE
3A9B74733F7FFFF4
3A7D45C03F7FFFF8
3A4E51F33F7FFFFB
3A28126A3F7FFFFD
3A08EA0F3F7FFFFE
39DF10C43F7FFFFE
39B5B6873F7FFFFF
399406CB3F7FFFFF
39712B813F800000
394476113F800000
39200A693F800000
39025F343F800000
38D468083F800000
38AD07A73F800000
388CF4013F800000
3865A54D3F800000
383B12C73F800000
381864A73F800000
37F848C23F800000
37CA41B03F800000
37A4C2FF3F800000
3ED30132BF693FD5
3F5DDA373EFF7AE4
BE9C91453F73BCA3
BF7D04073E1BE64C
BF3B789DBF2E5434
BDB1E8C2BF7F0841
3EFAA2B7BF5F3AC6
3F574B0CBF0A826A
3F7C1CA4BE31CA7D
3F7D29773E180DBA
3F6A840B3ECD5016
3F4F42433F164404
3F31F2C73F380A02
3F1603083F4F7151
3EF9F5693F5F6B55
3ECEA80E3F6A3878
3EA9FFC43F717A14
3E8B61D83F7654D6
3E640F703F7991F8
3E3A4F3C3F7BBA25
3E180E7C3F7D296F
3DF80B823F7E1D8D
3DCA3A993F7EBFB7
3DA4D45F3F7F2B66
3D8652693F7F72E4
3D5AE50F3F7FA259
3D3258123F7FC1D9
3D114C2E3F7FD6C1
3CECBD933F7FE4A1
3CC0DCA83F7FEDD6
3C9D1D113F7FF3F2
3C7FFAE73F7FF800
3C5087553F7FFAB1
3C29DF613F7FFC7A
3C0A61C83F7FFDAA
3BE175223F7FFE73
3BB7A97F3F7FFEF8
3B959D553F7FFF51
3B73C1EC3F7FFF8C
3B4691B83F7FFFB3
3B21C20C3F7FFFCD
3B03C5593F7FFFDE
3AD6AF8C3F7FFFE9
3AAEE3003F7FFFF1
3A8E773B3F7FFFF6
3A681C313F7FFFF9
3A3D14B73F7FFFFC
3A1A07513F7FFFFD
39FAF2DC3F7FFFFE
39CC6D583F7FFFFF
39A687A53F7FFFFF
3987A8793F7FFFFF
395D04D33F800000
39340BB73F800000
3912AB1B3F800000
38EEF5093F800000
38C2A89C3F800000
389E92813F800000
38812CFB3F800000
385275203F800000
382B713C3F800000
380BA8ED3F800000
37E389E63F800000
37B95B5F3F800000
BF0B44F8BF56CD64
3F752644BE937B64
3EB0EC353F703AF4
BF44E15F3F23A0C6
BF73E59DBE9B9135
BEDCB8E9BF66FD76
3E5EC830BF79DE35
3F308F38BF395F38
3F6ED21CBEB865E1
3F7FFD63BC125612
3F75C0343E8F6C54
3F5DD83E3EFF81BD
3F40FF483F2830CD
3F24117D3F44837B
3F096ED93F57FB5C
3EE40DC33F6533E3
3EBC095D3F6E1C43
3E9A682C3F7414C9
3E7CE6333F7811DE
3E4EBD393F7ABA72
3E28CE0B3F7C7F65
3E09B9283F7DAC8E
3DE09CE03F7E74A9
3DB718F43F7EF990
3D9538AF3F7F51CF
3D7330703F7F8C63
3D4625353F7FB346
3D216F0E3F7FCD14
3D0384AA3F7FDE35
3CD649523F7FE993
3CAE916F3F7FF11E
3C8E35B63F7FF620
3C67B2703F7FF972
3C3CBF1B3F7FFBA7
3C19C1DF3F7FFD1D
3BFA82083F7FFE16
3BCC11993F7FFEBB
3BA63D003F7FFF28
3B876BB73F7FFF71
3B5CA1E43F7FFFA1
3B33BB273F7FFFC1
3B12697E3F7FFFD6
3AEE8A283F7FFFE4
3AC2518E3F7FFFEE
3A9E4B973F7FFFF4
3A80F3383F7FFFF8
3A5217043F7FFFFB
3A2B24933F7FFFFC
3A0B6A7A3F7FFFFE
39E324283F7FFFFE
39B9087E3F7FFFFF
3996BB313F7FFFFF
397593953F800000
39480D043F800000
3922F7013F800000
3904C1053F800000
38D849913F800000
38B031013F800000
388F87503F800000
3869D7793F800000
383E7DD13F800000
381B2D793F800000
37FCD21C3F800000
37CDF3BF3F800000
BF7FFF5C3B910572
3EE52121BF64EF30
3F59A8E43F06C28C
BEA932773F719E1D
BF7DC8F33E066A01
BF386EE7BF318A32
BD9531C1BF7F51DF
3EFFBC17BF5DC76E
3F58939DBF087E6C
3F7C714BBE2A1E2E
3F7CEBF13E1E52BD
3F69FEAD3ECFAD48
3F4EA3B13F171DC8
3F3154C33F38A248
3F1572083F4FD9DF
3EF8F7123F5FB249
3ECDCEE53F6A6840
3EA949693F719A19
3E8ACA523F766A38
3E6315573F79A039
3E3981C03F7BC3A1
3E1766253F7D2FBE
3DF6F8363F7E21BD
3DC959C83F7EC27F
3DA41CEE3F7F2D3F
3D85BCD03F7F741E
3D59F1273F7FA32A
3D3191493F7FC263
3D10AA323F7FD71D
3CEBB59B3F7FE4DE
3CC005983F7FEDFE
3C9C6DDC3F7FF40D
3C7EDD6D3F7FF812
3C4F9EC53F7FFABD
3C2921EC3F7FFC82
3C09C7723F7FFDAF
3BE079AE3F7FFE76
3BB6DCA83F7FFEFB
3B94F6773F7FFF53
3B72B20E3F7FFF8D
3B45B4413F7FFFB4
3B210DA23F7FFFCD
3B0332623F7FFFDE
3AD5C01B3F7FFFEA
3AAE1FF23F7FFFF1
3A8DD8563F7FFFF6
3A6719513F7FFFF9
3A3C41D43F7FFFFC
3A195B863F7FFFFD
39F9DAF93F7FFFFE
39CB89573F7FFFFF
39A5CDE93F7FFFFF
3987112B3F7FFFFF
395C0E513F800000
393342E83F800000
391207863F800000
38EDEA863F800000
38C1CF813F800000
389DE1A53F800000
38809CE93F800000
38518A663F800000
382AB2053F800000
380B0D293F800000
37E28C1F3F800000
BF095CD83F5806D0
BEAFDDB8BF706C96
3F7E7967BDDF43D8
3E4F3C7C3F7AB3E1
BF573F9E3F0A942B
BF6B0645BECAF909
BEB6D359BF6F1F6E
3E8FED2EBF75AD5E
3F3A36A2BF2FABF9
3F729BCEBEA36D36
3F7FE8E83CD97454
3F7393683E9D911A
3F5AC68F3F04F0D1
3F3DBC6E3F2BDC6F
3F20FA633F470D8B
3F06AC4A3F59B6AA
3EDF49ED3F665F62
3EB801FB3F6EE55F
3E970B6A3F749B49
3E77556F3F786B96
3E4A286F3F7AF630
3E250C143F7CA721
3E06A5F43F7DC6F6
3DDB967A3F7E8634
3DB2FEF03F7F0536
3D91E0323F7F598A
3D6DBBCB3F7F9186
3D41B2D03F7FB6AE
3D1DCF573F7FCF57
3D0090BD3F7FDFB5
3CD179893F7FEA92
3CAAA5E33F7FF1C8
3C8B04243F7FF690
3C627E5D3F7FF9BD
3C3881F03F7FFBD8
3C164DDB3F7FFD3E
3BF4E1BE3F7FFE2C
3BC77C4E3F7FFEC9
3BA281353F7FFF32
3B84611B3F7FFF77
3B57AD5A3F7FFFA5
3B2FB1C63F7FFFC4
3B0F1FAF3F7FFFD8
3AE92EA73F7FFFE5
3ABDF44D3F7FFFEE
3A9ABD753F7FFFF4
3A7C1B9E3F7FFFF8
3A4D5F163F7FFFFB
3A274C933F7FFFFD
3A0848E53F7FFFFE
39DE0A313F7FFFFE
39B4E0A13F7FFFFF
3993588C3F7FFFFF
39700F9E3F800000
39438ECE3F800000
391F4E063F800000
3901C5BD3F800000
38D36E013F800000
38AC3BFA3F800000
388C4E153F800000
386496FB3F800000
383A36923F800000
3817B1443F800000
37F7247F3F800000
3ED720223F684E6F
BF6B3C14BEC9FF1B
3F37477EBF32BB18
3F2D71183F3C4ACE
BF07A4043F591CAA
BF7FB1ACBD4832D2
BF1C6CE0BF4AA677
3D4000D8BF7FB7F5
3F14DE8EBF504399
3F62BB9BBEEDB970
3F7EAA72BDD0D177
3F7A7B833E537415
3F65513D3EE3979E
3F4939223F1E41C1
3F2BFE6E3F3D9D9E
3F1093953F534449
3EF074203F620320
3EC68E583F6BF741
3EA3346E3F72A55C
3E85BDAE3F771CAC
3E5AC0EC3F7A1721
3E32AA523F7C12C0
3E11CBA43F7D6457
3DEDCEAA3F7E44B0
3DC1DE833F7ED9B4
3D9E02423F7F3CA8
3D80C2813F7F7E59
3D51D3913F7FA9F4
3D2AF4123F7FC6E5
3D0B46743F7FDA1A
3CE2ED3B3F7FE6DA
3CB8DDC83F7FEF50
3C9699803F7FF4ED
3C755DE13F7FF8A6
3C47E1E93F7FFB1F
3C22D43D3F7FFCC3
3C04A4E33F7FFDDA
3BD81BF03F7FFE93
3BB00BF13F7FFF0E
3B8F692E3F7FFF5F
3B69A6723F7FFF95
3B3E55EA3F7FFFB9
3B1B0CFD3F7FFFD1
3AFC9D343F7FFFE1
3ACDC8A83F7FFFEB
3AA7A2943F7FFFF2
3A888EF53F7FFFF7
3A5E7C583F7FFFFA
3A353D9F3F7FFFFC
3A13A44D3F7FFFFD
39F08B0A3F7FFFFE
39C3F3593F7FFFFF
399F9FED3F7FFFFF
398208763F7FFFFF
3953DAB53F800000
392C94873F800000
390C96383F800000
38E50C813F800000
38BA964E3F800000
3897FF423F800000
3877A38F3F800000
3849BB1E3F800000
3824555F3F800000
3805DE703F800000
3F7D98723E0C04D7
BF6AE0C73ECBA658
3E092BF4BF7DB156
3F759CBF3E905E78
BDF1360A3F7E37DC
BF73CF733E9C1BF1
BF502CA0BF14FEAC
BE428F06BF7B5638
3ED3E38EBF690C83
3F4D35EBBF190D0D
3F7935D3BE6A45FA
3F7EA3933DD2E73C
3F6E300F3EBBA4F8
3F53BCA43F0FE318
3F36751D3F3391D7
3F1A2C043F4C5EAB
3F00A3A43F5D550C
3ED4EB033F68D073
3EAF436E3F7088BF
3E8FC27E3F75B39D
3E6B4A0E3F792682
3E40403E3F7B72A0
3E1CECD23F7CF9E2
3E0000FD3F7DFDF4
3DD0BB723F7EAABA
3DAA22E63F7F1D77
3D8AA6573F7F69A4
3D61F37D3F7F9C36
3D38185A3F7FBDC6
3D15FBEB3F7FD40D
3CF460A93F7FE2D5
3CC715893F7FECA5
3CA22EC73F7FF328
3C841EA83F7FF77A
3C5741D73F7FFA58
3C2F5A9A3F7FFC3F
3C0ED8E53F7FFD82
3BE8BB8E3F7FFE59
3BBD96AB3F7FFEE7
3B9A71413F7FFF46
3B7B9F893F7FFF84
3B4CFA0C3F7FFFAE
3B26FA493F7FFFCA
3B0805E03F7FFFDC
3ADD9D033F7FFFE8
3AB487B23F7FFFF0
3A93101B3F7FFFF5
3A6F99993F7FFFF9
3A432EAB3F7FFFFB
3A1EFFB63F7FFFFD
3A0185F23F7FFFFE
39D306113F7FFFFF
39ABE74E3F7FFFFF
398C091C3F7FFFFF
3964269B3F800000
3939DB073F800000
391766B23F800000
38F6AB013F800000
38C8F0A33F800000
38A3B06E3F800000
388558123F800000
38593FAA3F800000
3830F97A3F800000
38102A9F3F800000
3F267944BF427AE8
BEAE2C8B3F70BB5F
BF013FAFBF5CFA11
3F77BD30BE810480
3EA22EA13F72D13A
BF48E2E93F1EAF26
BF7245A3BEA5696E
BED51282BF68C76B
3E6C3101BF7918DA
3F3293F3BF376DA2
3F6FA224BEB421B3
3F7FFFE9BADA9F49
3F7552793E925436
3F5D39F03F00D23E
3F4055D43F28F279
3F23705A3F450993
3F08DEA73F5856DA
3EE314873F6571B8
3EBB367C3F6E45CA
3E99B8193F743090
3E7BC2AB3F782466
3E4DCD343F7AC6C9
3E2809253F7C879A
3E0918043F7DB202
3DDF958A3F7E7849
3DB641FF3F7EFBF8
3D9489573F7F5368
3D7212823F7F8D73
3D453C253F7FB3FA
3D20B1203F7FCD8C
3D02E9E73F7FDE85
3CD54D233F7FE9C8
3CADC3FA3F7FF141
3C8D8E543F7FF637
3C66A1B83F7FF982
3C3BE0F03F7FFBB1
3C190CE23F7FFD24
3BF95B283F7FFE1A
3BCB21633F7FFEBE
3BA579513F7FFF2A
3B86CC4F3F7FFF72
3B5B9E2E3F7FFFA2
3B32E7963F7FFFC1
3B11BD263F7FFFD7
3AED715E3F7FFFE4
3AC16CD13F7FFFEE
3A9D91423F7FFFF4
3A805B6D3F7FFFF8
3A511FB73F7FFFFB
3A2A5B1E3F7FFFFC
3A0AC65E3F7FFFFE
39E218C93F7FFFFE
39B82EAF3F7FFFFF
399609C33F7FFFFF
397472823F800000
394721883F800000
3922372D3F800000
390424C13F800000
38D74AF83F800000
38AF619A3F800000
388EDE5D3F800000
3868C4363F800000
383D9D953F800000
381A76CF3F800000
BE936810BF75292C
3EE6BCFA3F6487B0
BF6DEE90BEBCF034
3F333726BF36CE32
3F30DC513F3915AB
BF04630B3F5B1C77
BF7FD3C4BD167805
BF1E6C79BF491782
3D1F00A7BF7FCE9A
3F137F7EBF513CCE
3F6217F0BEF025CD
3F7E8CB2BDD9B29C
3F7AAB2A3E4FE4E0
3F65A5443EE243B8
3F4998773F1DC83F
3F2C5B893F3D4900
3F10E81E3F530A57
3EF1077E3F61DBDE
3EC70BB23F6BDCD9
3EA39D713F7293AD
3E8614CD3F7710DE
3E5B50943F7A0F43
3E3320473F7C0D84
3E122C3C3F7D60DC
3DEE6C963F7E4260
3DC25F743F7ED82B
3D9E6B753F7F3BA3
3D8118493F7F7DAC
3D525F6B3F7FA981
3D2B660C3F7FC699
3D0BA3533F7FD9E8
3CE384923F7FE6B8
3CB959153F7FEF39
3C96FDF33F7FF4DE
3C76018C3F7FF89D
3C48673F3F7FFB19
3C2340DC3F7FFCBF
3C04FD5F3F7FFDD7
3BD8AC193F7FFE91
3BB081613F7FFF0D
3B8FC8D93F7FFF5E
3B6A424F3F7FFF95
3B3ED4E23F7FFFB9
3B1B746B3F7FFFD1
3AFD45B83F7FFFE1
3ACE51EF3F7FFFEB
3AA812683F7FFFF2
3A88EA0E3F7FFFF7
3A5F10C33F7FFFFA
3A35B6863F7FFFFC
3A1406CB3F7FFFFD
39F12B813F7FFFFE
39C476103F7FFFFF
39A00A693F7FFFFF
39825F343F7FFFFF
395468083F800000
392D07A73F800000
390CF4013F800000
38E5A54D3F800000
38BB12C73F800000
389864A73F800000
387848C23F800000
384A41B03F800000
3824C2FF3F800000
BF761E25BE8CE236
3F7568443E91C1C0
BF75A0753E904537
3E6E551FBF78F836
3F6EE2303EB81282
BE3C219A3F7BA477
BF77B0C63E8163B2
BF496034BF1E1007
BE1E2E2ABF7CED5F
3EE17D5FBF65D605
3F50D08BBF14189A
3F7A4E02BE56CB6B
3F7E302A3DF33AE0
3F6CF4353EC1CAC0
3F5235683F121C57
3F34E8B53F35212D
3F18BD213F4D716F
3EFEC08E3F5E0FC2
3ED2C12C3F694E4D
3EAD717A3F70DD20
3E8E3EDC3F75EBFE
3E68C9BD3F794C17
3E3E31DF3F7B8BA4
3E1B3D743F7D0A84
3DFD40633F7E0901
3DCE7B263F7EB211
3DA84C9E3F7F2257
3D8926CD3F7F6CE1
3D5F82223F7F9E5B
3D361AAB3F7FBF33
3D145C953F7FD4FF
3CF1BBD53F7FE376
3CC4EE193F7FED10
3CA06D863F7FF36F
3C82B0A93F7FF7A9
3C54ED863F7FFA77
3C2D74D13F7FFC54
3C0D4D283F7FFD90
3BE636CD3F7FFE62
3BBB89703F7FFEED
3B98C5633F7FFF4A
3B78E6703F7FFF87
3B4AC22E3F7FFFB0
3B252BB13F7FFFCB
3B068D093F7FFFDD
3ADB370D3F7FFFE9
3AB2938E3F7FFFF0
3A9178AF3F7FFFF6
3A6D01CF3F7FFFF9
3A4111EE3F7FFFFB
3A1D47373F7FFFFD
3A001F1C3F7FFFFE
39D0BD713F7FFFFF
39AA0B103F7FFFFF
398A85273F7FFFFF
3961AE893F800000
3937D8223F800000
3915C3413F800000
38F3FFA23F800000
38C6C3F33F800000
38A1EAF13F800000
3883E6A73F800000
3856E5CB3F800000
382F0F2F3F800000
BF4040B33F290A84
3F5D66DCBF0084F9
BF1511433F501F51
BE9A150CBF7421EA
3F7F5348BD9496E2
3E313C953F7C22E3
BF5A8D483F054EE6
BF68F843BED43C8D
BEAF1738BF7090CC
3E965E32BF74B5F6
3F3C151ABF2DAB52
3F734FC8BE9F30E7
3F7FDAE73D09CC60
3F731DB43EA061CB
3F5A25933F05F857
3F3D13323F2C968E
3F205AD93F478E28
3F061E363F5A0E4D
3EDE550E3F669A90
3EB733293F6F0D18
3E965EED3F74B5D9
3E76380D3F787D4E
3E493D963F7B01FC
3E244B7C3F7CAEFA
3E06085F3F7DCC2D
3DDA94FB3F7E89AA
3DB22CC63F7F0783
3D9134C53F7F5B11
3D6CA4433F7F9289
3D40CEF93F7FB75A
3D1D15AC3F7FCFCA
3CFFF2E73F7FE001
3CD083023F7FEAC4
3CA9DD0A3F7FF1E9
3C8A60843F7FF6A6
3C6173C53F7FF9CC
3C37A8C23F7FFBE2
3C159CEF3F7FFD44
3BF3C17D3F7FFE30
3BC6917D3F7FFECC
3BA1C1EB3F7FFF34
3B83C5483F7FFF78
3B56AF793F7FFFA6
3B2EE2F63F7FFFC4
3B0E77363F7FFFD8
3AE81C2B3F7FFFE6
3ABD14B43F7FFFEF
3A9A074F3F7FFFF4
3A7AF2DA3F7FFFF8
3A4C6D573F7FFFFB
3A2687A43F7FFFFD
3A07A8783F7FFFFE
39DD04D23F7FFFFF
39B40BB63F7FFFFF
3992AB1B3F7FFFFF
396EF5093F800000
3942A89C3F800000
391E92813F800000
39012CFB3F800000
38D275203F800000
38AB713C3F800000
388BA8ED3F800000
386389E63F800000
38395B5F3F800000
3E1979693F7D1BBF
3E69AF21BF793EAD
3D2C32AB3F7FC60F
BF3FB1DABF29AC71
3F5F0C78BEFB4769
3F02028F3F5C87A2
BF2AE1CA3F3E9E4B
BF7B6C75BE40C11C
BF044381BF5B2F82
3E0F00C1BF7D7DCC
3F243D64BF445ECA
3F69A5AABED13CA6
3F7FA845BD53DE1A
3F781A213E7C646F
3F6162733EF2CC76
3F44D68C3F23ADCA
3F27BE843F4162A4
3F0CBBEC3F55D876
3EE9C57D3F63C20F
3EC0E1763F6D23C6
3E9E74713F736E87
3E81CD723F77A2F0
3E5443143F7A7091
3E2D56263F7C4E41
3E0D6EB93F7D8BE4
3DE6ACD73F7E5EF6
3DBC0BDC3F7EEB27
3D9942293F7F483E
3D79C5C43F7F860A
3D4B82F13F7FAF0F
3D25CE933F7FCA48
3D0714E43F7FDC5A
3CDC17D13F7FE858
3CB34C803F7FF04D
3C9210583F7FF595
3C6DF9FB3F7FF916
3C41DCAF3F7FFB6A
3C1DECB23F7FFCF5
3C00A6163F7FFDFB
3BD199883F7FFEA9
3BAABE733F7FFF1C
3B8B17573F7FFF69
3B629CC43F7FFF9C
3B389A3B3F7FFFBD
3B1661633F7FFFD4
3AF501493F7FFFE3
3AC795DA3F7FFFED
3AA295F03F7FFFF3
3A8471F33F7FFFF7
3A57C8BF3F7FFFFA
3A2FC8113F7FFFFC
3A0F31D43F7FFFFD
39E94C333F7FFFFE
39BE0C5D3F7FFFFF
399AD10E3F7FFFFF
397C3B8A3F800000
394D79163F800000
392761C13F800000
39085A263F800000
38DE264C3F800000
38B4F7863F800000
38936B333F800000
38702E013F800000
3843A78F3F800000
3F69B6C83ED0F022
BF0D3B22BF558488
3F2606303F42DD2F
BF7BAE48BE3B4EFB
3F14365DBF50BB6C
3F4728AA3F20D8D5
BED972163F67C406
BF7FB2573D47584D
BF2C060FBF3D96B2
BC925493BF7FF58B
3F09AE5ABF57D2E6
3F5D6AD4BF007E24
3F7D98A2BE0BFF52
3F7BE34E3E36CCB9
3F67E6133ED8E0AF
3F4C2E883F1A6BBE
3F2EE5773F3AF11F
3F1337D33F516F40
3EF510A83F60C540
3ECA7B5C3F6B215D
3EA67ED43F72161D
3E8878D23F76BD0A
3E5F42023F79D769
3E365D413F7BE85B
3E14D3263F7D4828
3DF2C29D3F7E31F6
3DC5E9D13F7ECD45
3DA14EF23F7F3466
3D83734E3F7F78DE
3D56368D3F7FA651
3D2E87493F7FC47B
3D0E30393F7FD880
3CE7AC823F7FE5CA
3CBCBBE63F7FEE9B
3C99C0233F7FF475
3C7A80283F7FF857
3C4C10963F7FFAEB
3C263C743F7FFCA0
3C076B6B3F7FFDC3
3BDCA1923F7FFE84
3BB3BAFA3F7FFF04
3B9269663F7FFF59
3B6E8A0E3F7FFF91
3B4251803F7FFFB6
3B1E4B8F3F7FFFCF
3B00F3333F7FFFE0
3AD217003F7FFFEA
3AAB24903F7FFFF2
3A8B6A793F7FFFF7
3A6324273F7FFFFA
3A39087D3F7FFFFC
3A16BB303F7FFFFD
39F593943F7FFFFE
39C80D043F7FFFFF
39A2F7013F7FFFFF
3984C1053F7FFFFF
395849913F800000
393031013F800000
390F87503F800000
38E9D7793F800000
38BE7DD13F800000
389B2D793F800000
387CD21C3F800000
384DF3BF3F800000
3F562F10BF0C37FC
BF7C3B3FBE2F0E86
3F7AD1813E4CFBCF
BF6FE4763EB2BF3D
3E34620EBF7BFF2C
3F72F3BE3EA15F5A
BE1561343F7D42EE
BF758C353E90CED6
BF4D55B4BF18E266
BE332149BF7C0D79
3ED9B0D8BF67B54B
3F4EC1A4BF16F4CC
3F79AFD8BE6201E9
3F7E748B3DE0A544
3F6DAB1A3EBE42A7
3F5317243F10D577
3F35CD1A3F343BEE
3F19905D3F4CD3BA
3F001A603F5DA49B
3ED3FFD53F690615
3EAE7D873F70ACB5
3E8F1DD53F75CBA4
3E6A3A093F793687
3E3F609E3F7B7D49
3E1C358C3F7D00F8
3DFED6313F7E02AA
3DCFC6973F7EADDB
3DA95B163F7F1F8B
3D8A03613F7F6B05
3D60E9C83F7F9D20
3D373FCB3F7FBE61
3D154B733F7FD474
3CF341153F7FE31A
3CC62B3C3F7FECD2
3CA16FE53F7FF346
3C8383263F7FF78E
3C5644783F7FFA65
3C2E8C323F7FFC48
3C0E30BF3F7FFD88
3BE7A99B3F7FFE5D
3BBCB7813F7FFEEA
3B99BB753F7FFF47
3B7A77583F7FFF85
3B4C08C43F7FFFAF
3B2635BC3F7FFFCA
3B0765C23F7FFFDC
3ADC98253F7FFFE8
3AB3B3313F7FFFF0
3A9262FF3F7FFFF6
3A6E7F8F3F7FFFF9
3A4248EA3F7FFFFB
3A1E448C3F7FFFFD
3A00ED7B3F7FFFFE
39D20DAA3F7FFFFF
39AB1CF43F7FFFFF
398B64453F7FFFFF
39631A0B3F800000
393900413F800000
3916B47A3F800000
38F588A53F800000
38C8041B3F800000
38A2EFBF3F800000
3884BB1C3F800000
38583FEF3F800000
BC110515BF7FFD6F
BF4CE7963F1975DC
3F6527A1BEE43F05
BF1FB1033F48162A
BE854045BF772D9B
3F7FD07BBD1BF392
3E14CC463F7D4868
BF5D8C9A3F0043E0
BF66F2BFBEDCE5BB
BEA7C0FEBF71DE7D
3E9C6B5DBF73C2B9
3F3DD351BF2BC328
3F73F530BE9B2F68
3F7FCAAB3D2535C7
3F72ACC93EA3083E
3F598C9C3F06F02F
3F3C72ED3F2D457F
3F1FC4023F4806FF
3F0598013F5A60A0
3EDD6DE13F66D225
3EB66FFA3F6F3267
3E95BC2E3F74CECB
3E752AD23F788DF0
3E48600E3F7B0D0F
3E2395D23F7CB657
3E0573BC3F7DD112
3DD9A21E3F7E8CEB
3DB1668D3F7F09AC
3D9093173F7F5C80
3D6B9CA03F7F937D
3D3FF8173F7FB7FC
3D1C668E3F7FD035
3CFED5883F7FE048
3CCF9A803F7FEAF4
3CA91F9E3F7FF208
3C89C6333F7FF6BB
3C6078553F7FF9D9
3C36DBEE3F7FFBEB
3C14F6123F7FFD4B
3BF2B1A13F7FFE34
3BC5B4063F7FFECF
3BA10D833F7FFF35
3B8332513F7FFF7A
3B55C0083F7FFFA7
3B2E1FE83F7FFFC5
3B0DD8513F7FFFD9
3AE7194B3F7FFFE6
3ABC41D13F7FFFEF
3A995B853F7FFFF5
3A79DAF73F7FFFF8
3A4B89563F7FFFFB
3A25CDE83F7FFFFD
3A07112B3F7FFFFE
39DC0E513F7FFFFF
39B342E73F7FFFFF
399207863F7FFFFF
396DEA863F800000
3941CF813F800000
391DE1A53F800000
39009CE93F800000
38D18A663F800000
38AAB2053F800000
388B0D293F800000
38628C1F3F800000
BF58A1E7BF0867BF
BDE7A9D73F7E5B5F
3EDC74ECBF670DB0
BE07CC683F7DBD28
BF25A252BF433219
3F6C1BABBEC5E0E5
3ED92DEF3F67D3FF
BF390E093F30E44E
BF77E761BE7F7D6D
BEF1C3DDBF61A983
3E391F52BF7BC828
3F2ACF71BF3EAEBC
3F6C735CBEC43C52
3F7FE406BCEF5724
3F76E7033E8747D6
3F5F8B693EF98299
3F42D4893F261056
3F25D1473F430A37
3F0B00553F56F9D5
3EE6C4803F6485C9
3EBE559E3F6DA74E
3E9C538D3F73C68A
3E800A033F77DDAB
3E515B623F7A97AE
3E2AF3DE3F7C6845
3E0B7B2B3F7D9D2F
3DE37C573F7E6A73
3DB971503F7EF2C9
3D97226B3F7F4D4E
3D764F0D3F7F8967
3D48B0293F7FB14A
3D23818B3F7FCBC4
3D0534ED3F7FDD56
3CD909B33F7FE8FF
3CB0CF4D3F7FF0BC
3C90093A3F7FF5DF
3C6AAC2C3F7FF947
3C3F2BA63F7FFB8A
3C1BBB633F7FFD0A
3BFDB9A63F7FFE09
3BCEB08A3F7FFEB2
3BA85F903F7FFF23
3B8928F53F7FFF6D
3B5F774C3F7FFF9E
3B360A143F7FFFBF
3B144AE03F7FFFD5
3AF19A713F7FFFE3
3AC4D0723F7FFFED
3AA0540B3F7FFFF3
3A829B303F7FFFF8
3A54C9C33F7FFFFA
3A2D57443F7FFFFC
3A0D34DB3F7FFFFE
39E60EF73F7FFFFE
39BB68DB3F7FFFFF
3998AAC63F7FFFFF
3978BB003F800000
394A9EC13F800000
39250ECF3F800000
3906757F3F800000
38DB10B03F800000
38B2744B3F800000
38915F373F800000
386CD84F3F800000
BF67D3FC3ED92DFE
3F252A753F43978F
BE5DEF32BF79EA46
3ECAF2AE3F6B07A4
BF6909C1BED3EFAE
3F3A5794BF2F8906
3F2AC5C23F3EB767
BF0A1F753F578A96
BF7F90E0BD6E6DCD
BF1AE0B4BF4BD5DF
3D5960B6BF7FA3A5
3F15EB76BF4F825A
3F63385DBEEBDB18
3F7EC07CBDC9FC5C
3F7A564F3E56307B
3F6510463EE49CB9
3F48EF9D3F1E9F10
3F2BB6B53F3DDE94
3F1052813F5370C4
3EF002B53F622141
3EC62DE53F6C0B85
3EA2E3A43F72B2EE
3E857AA83F7725BB
3E5A526A3F7A1D2A
3E324F963F7C16C4
3E1181573F7D6702
3DED55323F7E4676
3DC17B563F7EDAE2
3D9DB1583F7F3D70
3D8080863F7F7EDE
3D5168003F7FAA4C
3D2A9C683F7FC720
3D0AFF043F7FDA41
3CE278D23F7FE6F4
3CB87EF13F7FEF61
3C964C3C3F7FF4F8
3C74DFFE3F7FF8AE
3C477B5B3F7FFB24
3C2280B23F7FFCC7
3C0460D43F7FFDDC
3BD7AD0D3F7FFE95
3BAFB19D3F7FFF0F
3B8F1F993F7FFF60
3B692E8F3F7FFF96
3B3DF4403F7FFFBA
3B1ABD6E3F7FFFD1
3AFC1B963F7FFFE1
3ACD5F123F7FFFEB
3AA74C903F7FFFF2
3A8848E43F7FFFF7
3A5E0A2F3F7FFFFA
3A34E0A03F7FFFFC
3A13588C3F7FFFFD
39F00F9E3F7FFFFE
39C38ECE3F7FFFFF
399F4E063F7FFFFF
3981C5BD3F7FFFFF
39536E013F800000
392C3BFA3F800000
390C4E153F800000
38E496FA3F800000
38BA36923F800000
3897B1443F800000
3877247F3F800000
BE0787383F7DBF78
3F7F9D2F3D60D851
BF45A560BF22B3CF
3F4FF58E3F154B7F
BF7FF9F33C5EAA1B
3EE1B460BF65C885
3F5A79AD3F056F05
BEA6CD083F7208A8
BF7DA5B33E0A8294
BF390414BF30EEB7
BD9AAA14BF7F44D9
3EFEC431BF5E0EB7
3F58556CBF08E0E8
3F7C6177BE2B9466
3F7CF7D93E1D213F
3F6A18303ECF3A27
3F4EC1F43F16F45E
3F3172E33F388554
3F158DAA3F4FC5FE
3EF927863F5FA4CC
3ECDF8423F6A5F2B
3EA96C243F719403
3E8AE72D3F766628
3E6344F73F799D83
3E39A8E13F7BC1D4
3E1786333F7D2E8B
3DF72CA13F7E20F1
3DC984973F7EC1F8
3DA43FDC3F7F2CE5
3D85D94C3F7F73E3
3D5A1F983F7FA302
3D31B7233F7FC249
3D10C9093F7FD70B
3CEBE7DE3F7FE4D2
3CC02E8C3F7FEDF7
3C9C8F383F7FF408
3C7F13C93F7FF80F
3C4FCB0D3F7FFABB
3C2945FF3F7FFC81
3C09E4D53F7FFDAE
3BE0A98F3F7FFE76
3BB703A93F7FFEFA
3B95163D3F7FFF52
3B72E5D23F7FFF8D
3B45DE6C3F7FFFB4
3B212FFD3F7FFFCD
3B034E5E3F7FFFDE
3AD5EDB23F7FFFEA
3AAE45163F7FFFF1
3A8DF6983F7FFFF6
3A674A9C3F7FFFF9
3A3C69FC3F7FFFFC
3A197C3C3F7FFFFD
39FA10443F7FFFFE
39CBB4C13F7FFFFF
39A5F1463F7FFFFF
39872DFA3F7FFFFF
395C3D413F800000
393369243F800000
391226AB3F800000
38EE1D453F800000
38C1F8D83F800000
389E03523F800000
3880B8583F800000
3F4337083F259C81
3F399C95BF304EB4
BF7FEB50BCCDD276
3F7F23773DA7DF3C
BF66126E3EE0866B
3DC7F591BF7EC6E1
3F77A7413E81AC83
BDBFCACF3F7EDFFD
BF7238453EA5B7A9
BF528BECBF119F90
BE4FBADDBF7AAD58
3ECEE561BF6A2AEE
3F4BDEDABF1AD4E2
3F78C9E5BE715622
3F7EC9793DC721BB
3F6EA0693EB9668B
3F5449733F0F1307
3F3704713F32FFC0
3F1AB0FC3F4BFA18
3F0118FE3F5D10AE
3ED5B42A3F68A25C
3EAFECBF3F7069D7
3E904F663F759EF6
3E6C32DB3F7918BE
3E40FFA43F7B6976
3E1D89B03F7CF3CA
3E00814B3F7DF9E7
3DD18D0A3F7EA80A
3DAACDF03F7F1BAE
3D8B31D53F7F6875
3D62D6EF3F7F9B6C
3D38D1BB3F7FBD40
3D1692FC3F7FD3B4
3CF556D63F7FE29A
3CC7DE1B3F7FEC7E
3CA2D22E3F7FF30E
3C84A3C63F7FF769
3C581ABC3F7FFA4D
3C300B4B3F7FFC37
3C0F68D43F7FFD7D
3BE9A6113F7FFE55
3BBE55B53F7FFEE5
3B9B0CE03F7FFF44
3B7C9D153F7FFF83
3B4DC8983F7FFFAD
3B27A28B3F7FFFC9
3B088EF03F7FFFDC
3ADE7C523F7FFFE8
3AB53D9C3F7FFFF0
3A93A44C3F7FFFF5
3A708B083F7FFFF9
3A43F3583F7FFFFB
3A1F9FED3F7FFFFD
3A0208753F7FFFFE
39D3DAB43F7FFFFF
39AC94863F7FFFFF
398C96383F7FFFFF
39650C813F800000
393A964E3F800000
3917FF423F800000
38F7A38F3F800000
38C9BB1E3F800000
38A4555F3F800000
3885DE6F3F800000
3F74D50EBE959338
BB6678F8BF7FFF98
BF4D91D13F189188
3F658EB0BEE29F4D
BF20448F3F47A00F
BE8416DFBF775580
3F7FD523BD141E48
3E1337E63F7D572D
BF5DB6413EFFF7A4
BF66D577BEDD6007
BEA7589EBF71F090
3E9CC109BF73B4F6
3F3DEBE6BF2BA7F9
3F73FE3BBE9AF680
3F7FC9AF3D26BA99
3F72A6793EA32DCE
3F59841A3F06FDE6
3F3C6A073F2D4F2C
3F1FBBA43F480DAE
3F0590903F5A652D
3EDD61103F66D537
3EB665283F6F3477
3E95B3293F74D02C
3E751BE63F788EDC
3E4853C73F7B0DAC
3E238BC13F7CB6C0
3E056B7F3F7DD157
3DD994A83F7E8D19
3DB15B913F7F09CA
3D908A213F7F5C94
3D6B8E033F7F938A
3D3FEC2E3F7FB805
3D1C5CDA3F7FD03B
3CFEC5B83F7FE04C
3CCF8D9E3F7FEAF6
3CA9151E3F7FF20A
3C89BDA53F7FF6BC
3C606A663F7FF9DA
3C36D0943F7FFBEC
3C14ECD33F7FFD4B
3BF2A2903F7FFE34
3BC5A7C03F7FFECF
3BA103833F7FFF35
3B832A2C3F7FFF7A
3B55B2C33F7FFFA7
3B2E15193F7FFFC5
3B0DCF833F7FFFD9
3AE70AF23F7FFFE6
3ABC36223F7FFFEF
3A9952003F7FFFF5
3A79CB753F7FFFF8
3A4B7CB43F7FFFFB
3A25C39D3F7FFFFD
3A0708C93F7FFFFE
39DC00A83F7FFFFF
39B337C73F7FFFFF
3991FE753F7FFFFF
396DDBC13F800000
3941C3793F800000
391DD7D83F800000
390094ED3F800000
38D17D643F800000
38AAA76D3F800000
388B04873F800000
3E8AB42ABF766D57
BF3AD8DCBF2EFF62
BE87EF763F76CFFE
3F0A82CEBF574ACB
BE6F88403F78E5CA
BF14AD07BF5066F7
3F7251C9BEA52231
3EBF03C13F6D845D
BF40E4773F284F8D
BF755F5FBE91FD98
BEE40F52BF653380
3E51C82FBF7A91FF
3F2E9698BF3B3ACA
3F6E0468BEBC8207
3F7FF7A9BC82AE9A
3F76282D3E8C9C0E
3F5E70023EFD6FCD
3F41A25A3F2774F6
3F24ACD53F44015F
3F09FA003F57A291
3EE4FE6C3F64F7DF
3EBCD5113F6DF3F2
3E9B124B3F73F9D1
3E7DFFEA3F77FFE0
3E4FA5303F7AAE77
3E298C583F7C776D
3E0A54E73F7DA742
3DE19B693F7E7124
3DB7E8BA3F7EF73A
3D95E22B3F7F5042
3D7444D13F7F8B5C
3D47067C3F7FB297
3D2226A43F7FCCA0
3D041A423F7FDDE8
3CD73D163F7FE960
3CAF58083F7FF0FC
3C8ED7813F7FF609
3C68BA0D3F7FF963
3C3D95DB3F7FFB9D
3C1A70D03F7FFD17
3BFB9F0F3F7FFE11
3BCCF9CA3F7FFEB8
3BA6FA263F7FFF26
3B8805CD3F7FFF6F
3B5D9CEE3F7FFFA0
3B3487A73F7FFFC0
3B1310153F7FFFD6
3AEF99933F7FFFE4
3AC32EA73F7FFFED
3A9EFFB43F7FFFF4
3A8185F13F7FFFF8
3A5306103F7FFFFB
3A2BE74E3F7FFFFC
3A0C091C3F7FFFFE
39E4269B3F7FFFFE
39B9DB073F7FFFFF
399766B23F7FFFFF
3976AB013F800000
3948F0A33F800000
3923B06E3F800000
390558123F800000
38D93FAA3F800000
38B0F97A3F800000
38902A9F3F800000
BF29E3E9BF3F80B3
BF7F82433D7D9AD9
3EC4F70F3F6C4C88
3CFED88ABF7FE048
3E4FB6313F7AAD95
BF5460F2BF0EF026
3F504285BF14E010
3F14D2BF3F504C09
BF1CD77D3F4A53FF
BF7DCCF4BE05F0DB
BF0E8041BF54AC16
3DCF8152BF7EAEBD
3F1DFB8CBF497046
3F66E3D2BEDD241C
3F7F5341BD9499BF
3F79239B3E6B7B38
3F630B663EEC8810
3F46AC283F217285
3F2983C63F3FD5D1
3F0E54D83F54C926
3EEC8BB43F630A73
3EC33C2F3F6CA858
3EA06CA23F731BEA
3E836F5C3F776BCF
3E56F3C43F7A4BD8
3E2F8B663F7C35D3
3E0F3D7B3F7D7BA7
3DE9A1443F7E542D
3DBE75673F7EE3FE
3D9B39F33F7F437C
3D7CFB563F7F82E2
3D4E20A23F7FACF6
3D27F0593F7FC8E4
3D08D19C3F7FDB6E
3CDEEC813F7FE7BB
3CB59AEB3F7FEFE5
3C93F1583F7FF550
3C7109B03F7FF8E8
3C445B213F7FFB4B
3C1FF4CC3F7FFCE0
3C024DC63F7FFDED
3BD44BD43F7FFEA0
3BACF0C83F7FFF16
3B8CE16E3F7FFF65
3B6587193F7FFF99
3B3AFA353F7FFFBC
3B1850A83F7FFFD3
3AF828333F7FFFE2
3ACA272D3F7FFFEC
3AA4AD683F7FFFF3
3A8626273F7FFFF7
3A5A8F6C3F7FFFFA
3A320AFE3F7FFFFC
3A11096F3F7FFFFD
39EC4C8E3F7FFFFE
39C07E473F7FFFFF
399CCEEF3F7FFFFF
397F7A413F800000
39501DCE3F800000
392989043F800000
390A1B373F800000
38E101F03F800000
38B74B883F800000
389550B73F800000
BF7CEFA43E1DF418
BF23C93D3F44BFB6
3F5F21F63EFAFB07
BEF9B560BF5F7D3B
3F19D4A13F4CA07A
BF790AFABE6D1AA7
3F1C8AA9BF4A8F76
3F41BEC03F275419
BEE5D2973F64C2B4
BF7FE8793CDB7B21
BF289D8DBF40A04C
BB5A9F35BF7FFFA3
3F0C39BCBF562DEB
3F5EA54EBEFCB455
3F7DDCFFBE0406DB
3F7B97243E3D3DE0
3F6754983EDB4AB3
3F4B863C3F1B494B
3F2E3FB13F3B8BAE
3F12A0A13F51D937
3EF408613F610D16
3EC99A343F6B51B7
3EA5C2033F723680
3E87DC103F76D2A9
3E5E3F6C3F79E5D1
3E3588DF3F7BF1F1
3E1425333F7D4E87
3DF1A6313F7E3632
3DC501923F7ED015
3DA091743F7F3644
3D82D8C83F7F7A1B
3D553A9F3F7FA723
3D2DB9F83F7FC507
3D0D88EB3F7FD8DD
3CE69BDF3F7FE607
3CBBDDC63F7FEEC4
3C990B2C3F7FF490
3C79594F3F7FF869
3C4B20643F7FFAF7
3C2578C73F7FFCA8
3C06CC043F7FFDC8
3BDB9DDD3F7FFE87
3BB2E76A3F7FFF06
3B91BD0E3F7FFF5A
3B6D71443F7FFF92
3B416CC33F7FFFB7
3B1D913A3F7FFFD0
3B005B693F7FFFE0
3AD11FB23F7FFFEB
3AAA5B1B3F7FFFF2
3A8AC65D3F7FFFF7
3A6218C73F7FFFFA
3A382EAF3F7FFFFC
3A1609C23F7FFFFD
39F472813F7FFFFE
39C721873F7FFFFF
39A2372D3F7FFFFF
398424C03F7FFFFF
39574AF83F800000
392F619A3F800000
390EDE5D3F800000
38E8C4363F800000
38BD9D953F800000
389A76CF3F800000
BECEDE063F6A2C8E
3DF5F83E3F7E259E
3F7D1374BE1A53A4
BF5E1102BEFEBC30
3F6261873EEF0FDF
BF7E00283DFF760E
3EB719A5BF6F11FB
3F63BD423EE9D832
BE8958993F769DFD
BF7BA4813E3C20BB
BF3FF0FEBF296500
BDDD1811BF7E80FC
3EF2E495BF615BF3
3F555311BF0D85CE
3F7B9616BE3D5452
3F7D81703E0E994F
3F6B4A0E3EC9BDF5
3F502F6C3F14FAC4
3F32DFD43F3723A4
3F16DCE73F4ED314
3EFB73EC3F5EFFED
3ECFEED43F69F01F
3EAB12443F714998
3E8C45FB3F763473
3E65880D3F797C63
3E3B84B33F7BABC8
3E190C073F7D1FE3
3DF9AA273F7E1734
3DCB8D393F7EBB80
3DA5E8AE3F7F289A
3D8733BE3F7F7109
3D5C54733F7FA11E
3D33837F3F7FC108
3D12402D3F7FD636
3CEE4B303F7FE445
3CC2209B3F7FED99
3C9E24FC3F7FF3C9
3C80D4753F7FF7E5
3C51E5A43F7FFA9F
3C2AFCC13F7FFC6E
3C0B4A423F7FFDA2
3BE2EFE63F7FFE6E
3BB8DE0C3F7FFEF5
3B9698AF3F7FFF4F
3B755B6F3F7FFF8A
3B47DF513F7FFFB2
3B22D1CC3F7FFFCC
3B04A2B93F7FFFDE
3AD818383F7FFFE9
3AB008CF3F7FFFF1
3A8F66933F7FFFF6
3A69A2233F7FFFF9
3A3E525F3F7FFFFC
3A1B0A163F7FFFFD
39FC98743F7FFFFE
39CDC4C83F7FFFFF
39A79F6A3F7FFFFF
39888C603F7FFFFF
395E78223F800000
39353A313F800000
3913A1823F800000
38F0867C3F800000
38C3EFA33F800000
389F9CE73F800000
3F0D2A4D3F558FAA
3F4DFA9B3F1803F2
3F2F9A71BF3A4729
BF7FF31D3CA27527
3F7FBC5E3D3A0A59
BF629EE63EEE26D8
3D965E05BF7F4F1E
3F78E36F3E6FAF68
BD9EE1F93F7F3A7C
BF711C3C3EAC115A
BF5417D3BF0F5C8D
BE5876DCBF7A36FE
3ECB9083BF6AE582
3F4AF8A6BF1C022E
3F788064BE76062D
3F7EE1753DBF4DEC
3F6EEA563EB7E82E
3F54A6983F0E8872
3F3763733F329E68
3F1B09373F4BB711
3F0166E83F5CE31C
3ED639C43F6883A1
3EB05D3B3F70553B
3E90AD063F759130
3E6CCD8E3F790F8F
3E417ED63F7B635A
3E1DF1F13F7CEFB9
3E00D6903F7DF734
3DD218563F7EA63F
3DAB3F9D3F7F1A7D
3D8B8E8C3F7F67AA
3D636E1A3F7F9AE6
3D394CF03F7FBCE7
3D16F7623F7FD379
3CF5FA733F7FE273
3CC863683F7FEC64
3CA33EC93F7FF2FD
3C84FC403F7FF75D
3C58AAE33F7FFA45
3C3080B93F7FFC32
3C0FC87F3F7FFD7A
3BEA41ED3F7FFE53
3BBED4AD3F7FFEE3
3B9B744F3F7FFF43
3B7D45993F7FFF83
3B4E51DE3F7FFFAD
3B28125F3F7FFFC9
3B08EA093F7FFFDB
3ADF10BD3F7FFFE8
3AB5B6833F7FFFF0
3A9406C93F7FFFF5
3A712B7F3F7FFFF9
3A44760F3F7FFFFB
3A200A693F7FFFFD
3A025F343F7FFFFE
39D468083F7FFFFF
39AD07A73F7FFFFF
398CF4003F7FFFFF
3965A54D3F800000
393B12C73F800000
391864A73F800000
38F848C23F800000
38CA41B03F800000
38A4C2FF3F800000
3F7FFA39BC5986B7
3F7BEADABE36260B
3DBCC723BF7EE8FE
BF58D74F3F0812C7
3F6C4B3EBEC4FD3A
BF2A63933F3F0F25
BE5E353FBF79E662
3F7FFFE5BAEB3372
3DED933F3F7E458E
BF6092CF3EF5C959
BF64BCBDBEE5EA54
BEA000A1BF732DB5
3EA2C0A1BF72B8CD
3F3FA2DFBF29BD5C
3F749E73BE96F6E9
3F7FB6723D4201BD
3F7234223EA5CFD5
3F58EAAF3F07F3E3
3F3BC9D53F2DFCB3
3F1F25203F488580
3F050AC43F5AB6C8
3EDC7ABA3F670C4E
3EB5A2BF3F6F5970
3E9511183F74E8E4
3E740FD63F789F58
3E47773A3F7B18A5
3E22D6E83F7CBE0C
3E04D7893F7DD631
3DD8A2E63F7E9051
3DB096403F7F0BEE
3D8FE9303F7F5E00
3D6A87953F7F947B
3D3F16483F7FB8A5
3D1BAE8B3F7FD0A5
3CFDA9A83F7FE093
3CCEA62E3F7FEB25
3CA858903F7FF229
3C8924093F7FF6D1
3C5F701F3F7FF9E8
3C3604B13F7FFBF5
3C1446BB3F7FFD51
3BF193F43F7FFE38
3BC4CB4E3F7FFED1
3BA04FEF3F7FFF37
3B8297E23F7FFF7B
3B54C46C3F7FFFA8
3B2D52F13F7FFFC5
3B0D31593F7FFFD9
3AE609433F7FFFE6
3ABB64373F7FFFEF
3A98A6FF3F7FFFF5
3A78B4DB3F7FFFF8
3A4A99C03F7FFFFB
3A250ABC3F7FFFFD
3A06722D3F7FFFFE
39DB0B483F7FFFFF
39B26FE43F7FFFFF
39915BA03F7FFFFF
396CD2773F800000
3940EB5D3F800000
391D27CC3F800000
390005843F800000
38D093BE3F800000
38A9E9173F800000
3F0771F7BF593BE7
3F0BB9CABF568179
BF0A6CAABF575908
BEE7C98B3F6443B4
3F2BC3D8BF3DD2B2
BEB8EDCF3F6EB7D4
BEFA6112BF5F4D30
3F78ABF8BE7341AE
3E9C481D3F73C85F
BF4A71A93F1CB131
BF719943BEA94E2E
BED2041BBF6978E9
3E71822DBF78C739
3F335FC7BF36A655
3F6FF375BEB26EA7
3F7FFFF43A9FBA04
3F7526413E937B76
3F5CFAAA3F013EAA
3F4012483F293F41
3F2330333F453EB8
3F08A5493F587B1A
3EE2B16A3F658A37
3EBAE2A53F6E563E
3E99721C3F743B91
3E7B4ECB3F782BBD
3E4D6DCF3F7ACBAD
3E27BAE53F7C8ADB
3E08D7FA3F7DB42C
3DDF2CE23F7E79B8
3DB5EC933F7EFCEC
3D9443A93F7F540A
3D71A0E23F7F8DDE
3D44DF873F7FB441
3D2065A63F7FCDBB
3D02AC673F7FDEA4
3CD4E8EB3F7FE9DD
3CAD72543F7FF14F
3C8D4BD03F7FF640
3C6635583F7FF988
3C3B88A63F7FFBB5
3C18C4F63F7FFD27
3BF8E5FA3F7FFE1C
3BCAC1EE3F7FFEBF
3BA52B8E3F7FFF2B
3B868CF63F7FFF73
3B5B36F93F7FFFA2
3B3293833F7FFFC2
3B1178A93F7FFFD7
3AED01C83F7FFFE5
3AC111EB3F7FFFEE
3A9D47363F7FFFF4
3A801F1B3F7FFFF8
3A50BD703F7FFFFB
3A2A0B0F3F7FFFFC
3A0A85273F7FFFFE
39E1AE883F7FFFFE
39B7D8213F7FFFFF
3995C3403F7FFFFF
3973FFA23F800000
3946C3F33F800000
3921EAF13F800000
3903E6A73F800000
38D6E5CB3F800000
38AF0F2F3F800000
BEDB3AC2BF67585F
BE70B0C4BF78D3E8
BF71B16CBEA8C405
3D90D5BB3F7F5BE9
3E94EC6EBF74EE77
BC3127373F7FFC2B
BF383654BF31C4E5
3F635176BEEB7A48
3EF74F943F60279B
BF2F45DF3F3A96BF
BF7A76F2BE53CA82
BF00DCA4BF5D33E2
3E1BC07DBF7D057B
3F263E8BBF42AD1D
3F6A833FBECD53BE
3F7FBDD1BD3808D6
3F77BFA23E80F1B4
3F60D58E3EF4D4CC
3F443C1B3F2466D3
3F272A023F41E312
3F0C36363F56303A
3EE8DD8A3F63FD6F
3EC01CC33F6D4BAE
3E9DCFF93F73893B
3E81452A3F77B4C2
3E53628A3F7A7C70
3E2C9DE13F7C5626
3E0CD7E13F7D9124
3DE5B6483F7E6273
3DBB42943F7EED78
3D989DF63F7F49C7
3D78B9FF3F7F870F
3D4AA8AC3F7FAFBC
3D251CB23F7FCABB
3D0683F33F7FDCA6
3CDB2BA13F7FE88A
3CB28C133F7FF06F
3C9173943F7FF5AB
3C6CFA8F3F7FF925
3C410C9B3F7FFB73
3C1D43313F7FFCFB
3C001C003F7FFDFF
3BD0B88E3F7FFEAC
3BAA072E3F7FFF1E
3B8A820B3F7FFF6A
3B61A9863F7FFF9D
3B37D4153F7FFFBE
3B15BFF93F7FFFD4
3AF3FA4E3F7FFFE3
3AC6BF9F3F7FFFED
3AA1E76C3F7FFFF3
3A83E3C93F7FFFF8
3A56E1213F7FFFFA
3A2F0B623F7FFFFC
3A0E98213F7FFFFE
39E851C93F7FFFFE
39BD405F3F7FFFFF
399A2AE03F7FFFFF
397B2CCC3F800000
394C9C8A3F800000
3926AE173F800000
3907C7CA3F800000
38DD37D93F800000
38B435473F800000
BF7DE538BE0308EA
BF5E4CDDBEFDEB07
BF7260853EA4CB9D
3F12F07A3F51A156
BE1432A2BF7D4E0A
3EAE8FCA3F70A965
BF639D84BEEA53B3
3F4124B2BF2805D4
3F2488CC3F441FA0
BF0FBCA93F53D6BD
BF7F3042BDA2F005
BF174D07BF4E811C
3D89B868BF7F6BA7
3F184F6FBF4DC2CF
3F645249BEE79012
3F7EF02FBDBA558D
3F79FF543E5C7288
3F647A703EE6F171
3F4846A63F1F7430
3F2B12223F3E72E9
3F0FBD4B3F53D64F
3EEEFED03F626607
3EC550F13F6C39C7
3EA22A9A3F72D1E6
3E84E12C3F773A68
3E59555C3F7A2AEF
3E317FD33F7C1FEE
3E10D7383F7D6D19
3DEC3F133F7E4A81
3DC098423F7EDD92
3D9CF8163F7F3F39
3D7FD2EA3F7F800D
3D5071B73F7FAB15
3D29D3B13F7FC7A5
3D0A5B773F7FDA9A
3CE16E4E3F7FE72E
3CB7A5CE3F7FEF88
3C959B563F7FF512
3C73BFC33F7FF8BF
3C46908E3F7FFB30
3C21C16A3F7FFCCE
3C03C5023F7FFDE1
3BD6AF2E3F7FFE98
3BAEE2CD3F7FFF11
3B8E77203F7FFF61
3B681C143F7FFF97
3B3D14A73F7FFFBA
3B1A07483F7FFFD2
3AFAF2D33F7FFFE1
3ACC6D533F7FFFEC
3AA687A23F7FFFF2
3A87A8773F7FFFF7
3A5D04D13F7FFFFA
3A340BB63F7FFFFC
3A12AB1A3F7FFFFD
39EEF5093F7FFFFE
39C2A89C3F7FFFFF
399E92803F7FFFFF
39812CFB3F7FFFFF
395275203F800000
392B713C3F800000
390BA8ED3F800000
38E389E63F800000
38B95B5F3F800000
BF24BEEA3F43F22D
BF74E37D3E953491
BF0C2FA23F563488
3F69DEC13ED03CEB
BF0D7DC5BF555865
3F2637BA3F42B2EE
BF7BB7F7BE3A7E61
3F141320BF50D46D
3F473EC53F20BD72
BED93E293F67D032
BF7FB1333D48CD94
BF2C1426BF3D89E8
BC944480BF7FF544
3F09A3B5BF57D9B1
3F5D65AABF008709
3F7D977DBE0C2085
3F7BE4863E36B1DC
3F67E86E3ED8D69C
3F4C31443F1A6821
3F2EE8293F3AEE9A
3F133A493F516D86
3EF514F53F60C414
3ECA7F063F6B2094
3EA681E73F721596
3E887B5F3F76BCAF
3E5F46383F79D72D
3E3660B63F7BE832
3E14D5FB3F7D480D
3DF2C73E3F7E31E4
3DC5ED993F7ECD39
3DA152073F7F345E
3D8375D23F7F78D9
3D563AA63F7FA64D
3D2E8AA13F7FC479
3D0E32F23F7FD87F
3CE7B0F23F7FE5C9
3CBCBF843F7FEE9A
3C99C3153F7FF474
3C7A84F53F7FF857
3C4C147F3F7FFAEA
3C263FA33F7FFCA0
3C076E043F7FFDC3
3BDCA5CD3F7FFE84
3BB3BE6C3F7FFF04
3B926C343F7FFF59
3B6E8EA03F7FFF91
3B4255393F7FFFB6
3B1E4E983F7FFFCF
3B00F5AC3F7FFFE0
3AD21B063F7FFFEA
3AAB27D83F7FFFF2
3A8B6D253F7FFFF7
3A6328813F7FFFFA
3A390C093F7FFFFC
3A16BE143F7FFFFD
39F598493F7FFFFE
39C810D93F7FFFFF
39A2FA203F7FFFFF
3984C3903F7FFFFF
39584DB63F800000
393034613F800000
390F8A103F800000
38E9DBF43F800000
38BE81773F800000
3E97BD9F3F747FB5
BEE3848E3F6555F8
3DAC0BB23F7F1858
3F7E1B12BDF8ADF5
BF5AEF71BF04AD72
3F5FFE293EF7E59A
BF7E7A7A3DDEF58A
3EBD4F00BF6DDBB9
3F627C953EEEA947
BE8D9A043F7603C5
BF7BF7A23E350A44
BF3EF79ABF2A7DF6
BDD3957FBF7EA150
3EF49B0EBF60E544
3F55C313BF0CDC66
3F7BB477BE3AC9D5
3F7D6E893E10AF0C
3F6B1EB63ECA87B0
3F4FFB543F154375
3F32ABAF3F375684
3F16ACF03F4EF608
3EFB1FAE3F5F17A7
3ECFA6D73F6A001B
3EAAD5C93F71544F
3E8C13B63F763B9B
3E65350E3F798128
3E3B40803F7BAEF5
3E18D4273F7D21FF
3DF94EC53F7E189B
3DCB42983F7EBC6E
3DA5ABC83F7F2938
3D8702143F7F7172
3D5C037A3F7FA164
3D3341813F7FC136
3D120A663F7FD655
3CEDF38E3F7FE459
3CC1D9353F7FEDA6
3C9DEAD23F7FF3D2
3C80A5123F7FF7EB
3C51986F3F7FFAA3
3C2ABDDB3F7FFC71
3C0B17053F7FFDA3
3BE29C6B3F7FFE6F
3BB89A0B3F7FFEF6
3B9661493F7FFF4F
3B75012D3F7FFF8B
3B4795CB3F7FFFB2
3B2295E83F7FFFCC
3B0471EF3F7FFFDE
3AD7C8BA3F7FFFE9
3AAFC80E3F7FFFF1
3A8F31D33F7FFFF6
3A694C323F7FFFF9
3A3E0C5C3F7FFFFC
3A1AD10D3F7FFFFD
39FC3B893F7FFFFE
39CD79163F7FFFFF
39A761C03F7FFFFF
39885A263F7FFFFF
395E264C3F800000
3934F7863F800000
39136B333F800000
38F02E013F800000
38C3A78F3F800000
3F76BB4B3E88856C
3EB18E573F701D0B
3F2E11CF3F3BB644
3F49E019BF1D6C8E
BF7E9AC0BDD58CAB
3F7D402E3E15ABAE
BF6BA9263EC8000B
3E0F94A0BF7D7892
3F753CCD3E92E53B
BDF9BC743F7E16ED
BF7413553E9A7158
BF4FC24BBF1592CE
BE40478CBF7B7247
3ED4BFC7BF68DA55
3F4D70CBBF18BDFD
3F794826BE690D41
3F7E9CCE3DD4EFBB
3F6E1C823EBC081C
3F53A43B3F1006FD
3F365C4D3F33AB09
3F1A15043F4C7003
3F008F5A3F5D60D6
3ED4C83E3F68D866
3EAF262A3F708E13
3E8FAA253F75B72D
3E6B21D33F7928E2
3E401F2B3F7B7435
3E1CD1B73F7CFAEF
3DFFD5A33F7DFEA7
3DD0973B3F7EAB31
3DAA05583F7F1DC6
3D8A8E3C3F7F69D9
3D61CC303F7F9C58
3D37F8523F7FBDDD
3D15E1D13F7FD41C
3CF436203F7FE2DF
3CC6F2E23F7FECAC
3CA2128C3F7FF32C
3C8407A83F7FF77D
3C571C5E3F7FFA5A
3C2F3C133F7FFC40
3C0EC0063F7FFD83
3BE893093F7FFE59
3BBD75A93F7FFEE8
3B9A565D3F7FFF46
3B7B73BA3F7FFF85
3B4CD65C3F7FFFAE
3B26DD373F7FFFCA
3B07EE313F7FFFDC
3ADD766E3F7FFFE8
3AB468443F7FFFF0
3A92F6813F7FFFF5
3A6F6FE23F7FFFF9
3A430CAF3F7FFFFB
3A1EE4073F7FFFFD
3A016F653F7FFFFE
39D2E1533F7FFFFF
39ABC9603F7FFFFF
398BF0BB3F7FFFFF
3963FEE23F800000
3939BAAB3F800000
39174C563F800000
38F6800F3F800000
38C8CDA73F800000
3F3EBFBCBF2ABC74
3F6B96A23EC8573B
3F7CC0443E229FD1
3EB825F5BF6EDE71
BF71B15C3EA8C461
3F7A4434BE5781F0
BF44DC723F23A6B2
BDC71BD4BF7EC98B
3F7ECB793DC67DB6
3D124E993F7FD62E
BF6825B53ED7CFB3
BF5E4507BEFE0677
BE8AAECCBF766E18
3EB3DD08BF6FAF09
3F4475A8BF24220A
3F7653DABE8B68C7
3F7F6EE83D883448
3F70E11B3EAD5B5C
3F572B663F0AB38F
3F39F9A13F2FEC8C
3F1D72463F49DBA3
3F0388E03F5B9FB4
3ED9E3103F67A97E
3EB372F33F6FC2E9
3E933E9F3F752F66
3E710C783F78CE5C
3E44FCAF3F7B37F2
3E20CEA73F7CD2DD
3E032DEA3F7DE406
3DD5EB813F7E9982
3DAE5EB53F7F1208
3D8E1A493F7F620D
3D6794C93F7F972C
3D3CAF133F7FBA6E
3D19B9343F7FD1D4
3CFA78A93F7FE15C
3CCC0C893F7FEBAB
3CA63A433F7FF282
3C876A3C3F7FF70C
3C5CA04A3F7FFA0F
3C33BA493F7FFC0F
3C1269063F7FFD62
3BEE89A73F7FFE43
3BC251483F7FFED9
3B9E4B713F7FFF3C
3B80F3233F7FFF7E
3B5216EE3F7FFFAA
3B2B24873F7FFFC7
3B0B6A743F7FFFDA
3AE324213F7FFFE7
3AB9087A3F7FFFEF
3A96BB2F3F7FFFF5
3A7593923F7FFFF9
3A480D033F7FFFFB
3A22F7003F7FFFFD
3A04C1053F7FFFFE
39D849913F7FFFFF
39B031013F7FFFFF
398F87503F7FFFFF
3969D7793F800000
393E7DD13F800000
391B2D793F800000
38FCD21C3F800000
38CDF3BF3F800000
BE226DFBBF7CC244
3F6A84BCBECD4CEF
3F602788BEF74FDB
BE2FF07DBF7C316C
BF36A9F83F335C12
3F576B7FBF0A4FEC
BF0D5E923F556D13
BEA8897EBF71BBA2
3F7ECCE0BDC60A6B
3E451C563F7B3665
BF5861423F08CE32
BF6A5705BECE1D54
BEB43712BF6F9E20
3E921B8CBF755AEA
3F3AD90CBF2EFF2F
3F72D932BEA1FEE3
3F7FE48A3CED1E19
3F736BD63E9E84F8
3F5A90423F054A04
3F3D83483F2C1B72
3F20C47B3F473918
3F067C453F59D457
3EDEF7253F66736D
3EB7BC0E3F6EF2D3
3E96D1183F74A448
3E76F4EF3F787196
3E49D9053F7AFA2F
3E24CAF43F7CA9CA
3E0670AA3F7DC8BA
3DDB3F673F7E8760
3DB2B7DE3F7F05FE
3D91A6393F7F5A0F
3D6D5D443F7F91DD
3D4165C43F7FB6E8
3D1D908E3F7FCF7E
3D005D943F7FDFCF
3CD1262B3F7FEAA3
3CAA61F73F7FF1D3
3C8ACCCF3F7FF698
3C6224363F7FF9C2
3C38387F3F7FFBDB
3C1612063F7FFD40
3BF480443F7FFE2D
3BC72CE53F7FFECA
3BA240853F7FFF32
3B842C693F7FFF78
3B57577F3F7FFFA5
3B2F6BD63F7FFFC4
3B0EE6B63F7FFFD8
3AE8D1D53F7FFFE6
3ABDA8B03F7FFFEE
3A9A7FDC3F7FFFF4
3A7BB7433F7FFFF8
3A4D0D563F7FFFFB
3A2709FA3F7FFFFD
3A0812A53F7FFFFE
39DDB1CE3F7FFFFF
39B498A13F7FFFFF
39931DE53F7FFFFF
396FB00F3F800000
394340F63F800000
391F0E9C3F800000
390192153F800000
38D319D73F800000
BF6AA128BECCCAE0
3EAC7AD0BF710964
3EC8D5A9BF6B7BB7
BF27800EBF4198C0
BEB18FF13F701CBF
3F1925C8BF4D2377
BE93C81E3F751AB7
BF0AE542BF570B54
3F7540F4BE92C97D
3EB05E313F70550E
BF4508BD3F23715C
BF73D657BE9BF0DB
BEDC6F19BF670F14
3E5F4A3FBF79D6F3
3F30A2DEBF394C7F
3F6EDA12BEB83CA1
3F7FFD8BBC0DD585
3F75BC173E8F887E
3F5DD2473EFF9673
3F40F8E23F283823
3F240B663F448890
3F0969663F57FED4
3EE404563F65363B
3EBC01643F6E1DD6
3E9A61833F7415D6
3E7CDB2C3F781292
3E4EB4253F7ABAEA
3E28C6983F7C7FB5
3E09B3103F7DACC3
3DE092EA3F7E74CC
3DB710D23F7EF9A7
3D95320D3F7F51DE
3D73259F3F7F8C6E
3D461C633F7FB34D
3D2167DE3F7FCD19
3D037ECF3F7FDE38
3CD63FC83F7FE995
3CAE89A93F7FF120
3C8E2F613F7FF621
3C67A81F3F7FF973
3C3CB6B33F7FFBA7
3C19BB063F7FFD1D
3BFA76E03F7FFE16
3BCC08833F7FFEBB
3BA635993F7FFF28
3B8765AF3F7FFF71
3B5C98113F7FFFA1
3B33B3263F7FFFC1
3B1262F93F7FFFD6
3AEE7F893F7FFFE4
3AC248E63F7FFFEE
3A9E448A3F7FFFF4
3A80ED7A3F7FFFF8
3A520DA93F7FFFFB
3A2B1CF43F7FFFFC
3A0B64453F7FFFFE
39E31A0B3F7FFFFE
39B900413F7FFFFF
3996B47A3F7FFFFF
397588A53F800000
3948041B3F800000
3922EFBF3F800000
3904BB1C3F800000
38D83FEF3F800000
BF54EF313F0E1BE8
BEE85818BF641F76
BE83E1D7BF775C93
BF733F71BE9F94A9
3DB055DB3F7F0CA0
3E8EC14EBF75D917
BA1688D73F7FFFFD
BF39B040BF3039FE
3F628355BEEE8FA7
3EF9C9D03F5F7785
BF2E6E0C3F3B6091
BF7AA84DBE501C24
BF0185ECBF5CD0ED
3E1948E0BF7D1D96
3F25DB82BF430183
3F6A58A8BECE15E0
3F7FB9E1BD3D6CF9
3F77D1503E806989
3F60F0EF3EF4701F
3F445A123F244308
3F2746CD3F41CA3B
3F0C50203F561F41
3EE90A7A3F63F1F4
3EC042DE3F6D43F6
3E9DEFD53F738411
3E815F8F3F77B150
3E538E083F7A7A24
3E2CC1913F7C549F
3E0CF5183F7D9020
3DE5E6093F7E61C6
3DBB69903F7EED06
3D98BDC33F7F497B
3D78EDDB3F7F86DC
3D4AD2F23F7FAF9B
3D253F263F7FCAA5
3D06A0053F7FDC98
3CDB595F3F7FE881
3CB2B1583F7FF068
3C9191F03F7FF5A7
3C6D2C073F7FF922
3C4134E73F7FFB71
3C1D64053F7FFCFA
3C0036BE3F7FFDFE
3BD0E4203F7FFEAB
3BAA2AAC3F7FFF1E
3B8A9EF53F7FFF6A
3B61D8A23F7FFF9C
3B37FA753F7FFFBE
3B15DF3B3F7FFFD4
3AF42D3C3F7FFFE3
3AC6E91C3F7FFFED
3AA209383F7FFFF3
3A83FF523F7FFFF7
3A570DFC3F7FFFFA
3A2F2FED3F7FFFFC
3A0EB5E53F7FFFFE
39E882483F7FFFFE
39BD67E13F7FFFFF
399A4B0F3F7FFFFF
397B613B3F800000
394CC7403F800000
3926D0E23F800000
3907E4223F800000
38DD66073F800000
3C9103A13F7FF5BB
BF75A97DBE9007A5
BF4C4FB4BF1A3FD8
BF79A03C3E63151F
3F00A8C03F5D5214
BD9BD69FBF7F41FE
3E9337F73F753065
BF5E0214BEFEF03A
3F4747DCBF20B22C
3F1E7E7B3F490951
BF14F0E33F50367D
BF7EB9B9BDCC1B42
BF13E2A2BF50F6C7
3DA5135DBF7F2AC3
3F1A8BD4BF4C1640
3F65576BBEE37EB6
3F7F19A5BDAB8FFF
3F79AB003E625777
3F63EBBA3EE922D3
3F47A67C3F203C8D
3F2A76753F3EFE4C
3F0F30503F5435B4
3EEE096A3F62A6A0
3EC480663F6C6539
3EA17BFF3F72EEFC
3E84505E3F774DD1
3E5866A63F7A37DE
3E30BBDA3F7C2888
3E1036C13F7D72D2
3DEB38C03F7E4E4E
3DBFC2163F7EE018
3D9C495C3F7F40E6
3D7EB5F63F7F812A
3D4F896F3F7FABD2
3D2916633F7FC823
3D09C1363F7FDAED
3CE072F13F7FE766
3CB6D9033F7FEFAC
3C94F47E3F7FF52A
3C72AFED3F7FF8CF
3C45B31A3F7FFB3B
3C210D033F7FFCD5
3C03320C3F7FFDE6
3BD5BFBD3F7FFE9B
3BAE1FC03F7FFF13
3B8DD83B3F7FFF63
3B6719333F7FFF98
3B3C41C43F7FFFBB
3B195B7E3F7FFFD2
3AF9DAF03F7FFFE2
3ACB89523F7FFFEC
3AA5CDE63F7FFFF3
3A87112A3F7FFFF7
3A5C0E4F3F7FFFFA
3A3342E73F7FFFFC
3A1207853F7FFFFD
39EDEA853F7FFFFE
39C1CF813F7FFFFF
399DE1A53F7FFFFF
39809CE93F7FFFFF
39518A663F800000
392AB2053F800000
390B0D293F800000
38E28C1F3F800000
3F59D4D03F067B80
BF5CF2CE3F014C18
BF7FF69D3C8AA5A0
BF38D0CB3F312449
3F52BA233F115CA8
BED7B6D6BF682B7C
3F0D1FCC3F55969A
BF75CE53BE8F0B67
3F2493E4BF441651
3F3C259A3F2D9972
BEF1FA563F619AEA
BF7FFF2E3BA3F74F
BF252B6BBF4396C0
3C364457BF7FFBF2
3F0EBD20BF54833F
3F5FD914BEF86B74
3F7E1D10BDF82B67
3F7B48B53E43A57B
3F66C2303EDDB05C
3F4ADDC73F1C251E
3F2D9A263F3C24F4
3F1209D53F524244
3EF300FE3F61544B
3EC8B9E73F6B81A1
3EA505F73F725697
3E873FFA3F76E816
3E5D3DF83F79F418
3E34B56F3F7BFB71
3E1378083F7D54D8
3DF08B0F3F7E3A64
3DC41A623F7ED2DE
3D9FD4D53F7F381E
3D823EF83F7F7B56
3D543FDA3F7FA7F4
3D2CED973F7FC591
3D0CE2613F7FD939
3CE58C7D3F7FE644
3CBB00AC3F7FEEEC
3C98570B3F7FF4AB
3C7833D13F7FF87B
3C4A314C3F7FFB02
3C24B6013F7FFCB0
3C062D593F7FFDCD
3BDA9B5A3F7FFE8B
3BB214D33F7FFF08
3B9111813F7FFF5C
3B6C59C53F7FFF93
3B4089143F7FFFB8
3B1CD7C03F7FFFD0
3AFF88A33F7FFFE0
3AD029883F7FFFEB
3AA992943F7FFFF2
3A8A23023F7FFFF7
3A610EA23F7FFFFA
3A3755E03F7FFFFC
3A1559253F7FFFFD
39F352C23F7FFFFE
39C637203F7FFFFF
39A1783A3F7FFFFF
398389343F7FFFFF
39564D8B3F800000
392E93283F800000
390E36303F800000
38E7B2373F800000
3F66DB9ABEDD466D
BE662D323F7972E0
BF46F94B3F21136A
BE86995A3F76FED9
3F7C961C3E26AADF
BF3680B6BF33860D
3F44AC4C3F23E08C
BF7FBD5DBD38A939
3EF768EFBF60209C
3F551D3B3F0DD6D2
BEB612733F6F4437
BF7E75183DE07D5E
BF354009BF34C9CA
BD6F3CFCBF7F901E
3F02791BBF5C4194
3F59E0A3BF066858
3F7CC47FBE22367C
3F7CAA0D3E24C47F
3F6973DC3ED21A8E
3F4DFF9C3F17FD29
3F30B1A73F393E67
3F14DC8C3F504508
3EF7F10E3F5FFAFE
3ECCEF493F6A9935
3EA88DB03F71BAE7
3E8A2E5E3F768021
3E6213F63F79AED2
3E38AE4C3F7BCD58
3E16B8EC3F7D3633
3DF5DCF13F7E2608
3DC872753F7EC559
3DA3602E3F7F2F24
3D8522E33F7F7560
3D58F6323F7FA3FF
3D30C4C13F7FC2F1
3D1003873F7FD77B
3CEAA6033F7FE51C
3CBF28513F7FEE28
3C9BB9963F7FF428
3C7DB7B43F7FF824
3C4EAF7D3F7FFAC9
3C285EFE3F7FFC8A
3C0928A63F7FFDB4
3BDF76F73F7FFE7A
3BB609E63F7FFEFD
3B944AC73F7FFF54
3B719A563F7FFF8E
3B44D0633F7FFFB4
3B2054033F7FFFCE
3B029B2B3F7FFFDF
3AD4C9BE3F7FFFEA
3AAD57423F7FFFF1
3A8D34DA3F7FFFF6
3A660EF63F7FFFFA
3A3B68DA3F7FFFFC
3A18AAC53F7FFFFD
39F8BB003F7FFFFE
39CA9EC03F7FFFFF
39A50ECF3F7FFFFF
3986757F3F7FFFFF
395B10B03F800000
3932744B3F800000
39115F373F800000
38ECD84F3F800000
3DFD13E8BF7E09B3
3F0DFB233F55050C
BE66203E3F7973A0
3E8AD1733F766937
3F763FF7BE8BF50D
BF69E9D6BED00B1A
3F6B8BB53EC88A95
BF7B3FC53E445CC6
3E9C63B1BF73C3F4
3F68C6313ED517DC
BE6E4F7B3F78F88D
BF7A1FCB3E5A2226
BF44027ABF24AB85
BE02B8B2BF7DE7CE
3EEB93B2BF634AE1
3F537159BF1051A6
3F7B106DBE481C8D
3F7DCEB23E05BBEE
3F6C00503EC66341
3F510BA53F13C521
3F33BCC03F364AD8
3F17A8543F4E3E19
3EFCD9753F5E9AC5
3ED120773F69ABF9
3EAC131E3F711BEB
3E8D1B823F7615F0
3E66E8993F79680D
3E3CA66C3F7B9E3F
3E19F96A3F7D16E3
3DFB2E653F7E113A
3DCCCA4B3F7EB787
3DA6EB683F7F25F7
3D8806BD3F7F6F49
3D5DAC773F7F9FF4
3D349BE13F7FC042
3D1324A73F7FD5B3
3CEFBF833F7FE3EE
3CC34FF33F7FED5F
3C9F1C1F3F7FF3A3
3C819DCA3F7FF7CC
3C532DAC3F7FFA8E
3C2C07FB3F7FFC63
3C0C23F33F7FFD9A
3BE452933F7FFE69
3BB9FEF93F7FFEF2
3B97840C3F7FFF4D
3B76DAE73F7FFF89
3B4917B23F7FFFB1
3B23D0453F7FFFCC
3B0572053F7FFFDD
3AD969F43F7FFFE9
3AB11BEF3F7FFFF1
3A9046B23F7FFFF6
3A6B0F493F7FFFF9
3A3F7BD33F7FFFFC
3A1BFC653F7FFFFD
39FE233D3F7FFFFE
39CF06603F7FFFFF
39A8A5643F7FFFFF
398961CA3F7FFFFF
395FD3D53F800000
3936556E3F800000
3914883D3F800000
38F1FE673F800000
BF44AC56BF23E080
3F7C623F3E2B81EE
3ED8A8C13F67F325
3F3A52D53F2F8E0F
3F40ED38BF284584
BF7F8B36BD746C14
3F7E723D3DE14C10
BF6896613ED5E849
3DEE064DBF7E43DF
3F76A3253E89338B
BDD9124A3F7E8ED6
BF730B763EA0D03F
BF515734BF135A03
BE490043BF7B050E
3ED1738FBF69995D
3F4C8EBABF19EC3B
3F790178BE6DBA2D
3F7EB65E3DCD2679
3F6E67253EBA8C53
3F5401913F0F7D76
3F36BB3A3F334A7D
3F1A6D0A3F4C2D8D
3F00DD053F5D33A9
3ED54D5A3F68B9F1
3EAF96333F7079A7
3E90075F3F75A987
3E6BBBDA3F791FC9
3E409DCD3F7B6E26
3E1D397F3F7CF6E8
3E003FB43F7DFBFA
3DD121E53F7EA96A
3DAA76803F7F1C98
3D8AEA863F7F6910
3D6262AA3F7F9BD3
3D3872F73F7FBD85
3D1645C23F7FD3E1
3CF4D8FD3F7FE2B9
3CC777923F7FEC92
3CA27EA63F7FF31B
3C845FB93F7FF772
3C57ABDB3F7FFA52
3C2FB0F73F7FFC3B
3C0F1F403F7FFD80
3BE92E2E3F7FFE57
3BBDF40C3F7FFEE6
3B9ABD523F7FFF45
3B7C1B773F7FFF84
3B4D5F013F7FFFAE
3B274C873F7FFFC9
3B0848DF3F7FFFDC
3ADE0A2A3F7FFFE8
3AB4E09D3F7FFFF0
3A93588A3F7FFFF5
3A700F9C3F7FFFF9
3A438ECD3F7FFFFB
3A1F4E063F7FFFFD
3A01C5BD3F7FFFFE
39D36E003F7FFFFF
39AC3BF93F7FFFFF
398C4E153F7FFFFF
396496FA3F800000
393A36913F800000
3917B1443F800000
38F7247F3F800000
BF7429223E99E744
3F4C5D1BBF1A2E16
3F6436093EE7FF5A
3F7A1A2B3E5A893F
3ECD9520BF6A74EC
BF74A3DB3E96D3DD
3F7BC5A1BE395651
BF48CEA73F1EC8C8
BD9E6E7BBF7F3B9C
3F7E5BB53DE79217
3CB845893F7FEF6B
BF694BFD3ED2CB6A
BF5D2559BF00F593
BE872774BF76EB72
3EB6A745BF6F27DA
3F453C86BF2332DA
3F769860BE8980DF
3F7F60DA3D8EA3CE
3F70A7F83EAE97A8
3F56E10F3F0B269D
3F39ACE13F303D8C
3F1D2A8F3F4A137E
3F0349533F5BC5B7
3ED975DD3F67C323
3EB316E53F6FD41D
3E92F1F03F753AE6
3E708DB13F78D607
3E4494693F7B3D0D
3E20792B3F7CD642
3E02E7FC3F7DE648
3DD579413F7E9B01
3DAE01773F7F1306
3D8DCE3C3F7F62B6
3D6718C83F7F979C
3D3C4A013F7FBAB8
3D1966D73F7FD206
3CF9F2713F7FE17D
3CCB9F2E3F7FEBC0
3CA5E12B3F7FF290
3C8721A83F7FF715
3C5C2A093F7FFA15
3C3359F33F7FFC13
3C121A8C3F7FFD65
3BEE09CA3F7FFE45
3BC1E91F3F7FFEDA
3B9DF6973F7FFF3D
3B80AE043F7FFF7F
3B51A6503F7FFFAA
3B2AC8CA3F7FFFC7
3B0B1FB93F7FFFDA
3AE2AA603F7FFFE7
3AB8A54B3F7FFFEF
3A966A633F7FFFF5
3A750FEF3F7FFFF9
3A47A1C73F7FFFFB
3A229FA63F7FFFFD
3A0479DC3F7FFFFE
39D7D5A03F7FFFFF
39AFD28F3F7FFFFF
398F3A603F7FFFFF
39695A203F800000
393E17B43F800000
391ADA4B3F800000
38FC4A973F800000
BE8655FF3F770803
3DE08187BF7E7509
3F7B3AF2BE44BF80
3F728E80BEA3BC1E
BCDEA4D7BF7FE7CB
BF4A97253F1C80B8
3F63BFECBEE9CDD1
BF1DB3753F49A8BB
BE893CB3BF76A1DF
3F7FBEA8BD36DCA5
3E1A39033F7D1477
BF5CFCC83F013B0C
BF6756E1BEDB410E
BEA92767BF71A00D
3E9B44DBBF73F1C7
3F3D7EBCBF2C2074
3F73D604BE9BF2E1
3F7FCDFD3D1FFDBD
3F72C26D3EA28728
3F59A9D23F06C10B
3F3C917E3F2D243B
3F1FE0C23F47F006
3F05B1933F5A50F9
3EDD99EA3F66C794
3EB695263F6F2B4F
3E95DB2D3F74CA0D
3E755E173F788AC7
3E488A3D3F7B0AF4
3E23B86A3F7CB4F1
3E05900A3F7DD024
3DD9D05C3F7E8C4C
3DB18C4B3F7F0942
3D90B1E03F7F5C3A
3D6BCED33F7F934E
3D4021013F7FB7DD
3D1C87E63F7FD021
3CFF0BDE3F7FE03B
3CCFC6C63F7FEAEB
3CA943AF3F7FF202
3C89E3953F7FF6B7
3C60A8353F7FF9D7
3C3702EE3F7FFBE9
3C1515D83F7FFD49
3BF2E5653F7FFE33
3BC5DE313F7FFECE
3BA12FDD3F7FFF35
3B834E4C3F7FFF79
3B55ED9F3F7FFFA7
3B2E450C3F7FFFC5
3B0DF6923F7FFFD9
3AE74A963F7FFFE6
3ABC69F93F7FFFEF
3A997C3B3F7FFFF4
3A7A10423F7FFFF8
3A4BB4C03F7FFFFB
3A25F1463F7FFFFD
3A072DFA3F7FFFFE
39DC3D403F7FFFFF
39B369243F7FFFFF
399226AB3F7FFFFF
396E1D453F800000
3941F8D83F800000
391E03523F800000
3900B8583F800000
3F2B94243F3DFDD1
BF25DA49BF43028E
3F279DE8BF417EE9
3F25D6B4BF43059A
BEE6C203BF64866A
BF06BF913F59AABC
3F386A90BF318EB4
BED3666C3F6928EA
BEE5B8B6BF64C933
3F7AC328BE4E13EB
3E8D6E343F760A12
BF4E406E3F17A527
BF6FD8C8BEB2FDE1
BECA55E0BF6B296E
3E7EC5A5BF77F333
3F355995BF34B02A
3F70BB64BEAE2C70
3F7FFDAB3C0A35BA
3F74B62F3E965CBE
3F5C5B8D3F024D38
3F3F68DE3F29FEC2
3F228F823F45C33C
3F0815B03F58D57C
3EE1B96B3F65C748
3EBA10EB3F6E7F40
3E98C30F3F7456FE
3E7A2D043F783E09
3E4C7F453F7AD7DB
3E26F73A3F7C92F5
3E0837DB3F7DB98E
3DDE27383F7E7D4C
3DB516FD3F7EFF4C
3D9395703F7F559D
3D7084C83F7F8EEA
3D43F7F63F7FB4F3
3D1FA8EF3F7FCE32
3D0212A33F7FDEF2
3CD3EE5B3F7FEA11
3CACA6313F7FF172
3C8CA5813F7FF657
3C6526613F7FF997
3C3AABE93F7FFBBF
3C1811233F7FFD2D
3BF7C1003F7FFE20
3BC9D3433F7FFEC2
3BA469223F7FFF2D
3B85EE953F7FFF74
3B5A34EE3F7FFFA3
3B31C14E3F7FFFC2
3B10CD6C3F7FFFD7
3AEBEACC3F7FFFE5
3AC02EA73F7FFFEE
3A9C8E133F7FFFF4
3A7F10953F7FFFF8
3A4FC7BA3F7FFFFB
3A2942E63F7FFFFD
3A09E2193F7FFFFE
39E0A4E03F7FFFFE
39B6FFB93F7FFFFF
399512F63F7FFFFF
3972E06A3F800000
3945D9FB3F800000
39212C583F800000
39034B633F800000
3F7C93A0BE26E70E
BF7FA96EBD5275F6
3D4DC1D4BF7FAD43
3E274E9EBF7C8F58
BF49C8EEBF1D8A3F
BE4700FD3F7B1E82
3EFAE456BF5F2858
BE3EF3093F7B827E
BF1CCC0BBF4A5CDE
3F6F88F8BEB4A76E
3ECB69243F6AEE09
BF3D405D3F2C6505
BF769B2FBE896CBE
BEEA89C6BF638F97
3E46302FBF7B28D4
3F2CD182BF3CDD51
3F6D499EBEC026F1
3F7FEFDABCB5D65A
3F7682EE3E8A1A5C
3F5EF5F93EFB9738
3F4232CE3F26CD5A
3F2536AF3F438D3C
3F0A75983F57534A
3EE5D44B3F64C246
3EBD8A283F6DCFF1
3E9BA98F3F73E1BA
3E7EFA713F77EFCE
3E50737D3F7AA3C3
3E2A359A3F7C704F
3E0ADF6F3F7DA287
3DE27DD13F7E6E00
3DB8A18A3F7EF524
3D9678EE3F7F4EDF
3D753AA93F7F8A70
3D47CEDF3F7FB1FA
3D22C9F33F7FCC39
3D049F533F7FDDA3
3CD815EC3F7FE932
3CB008B13F7FF0DE
3C8F676C3F7FF5F5
3C69A48B3F7FF956
3C3E54E23F7FFB94
3C1B0C6E3F7FFD11
3BFC9C9A3F7FFE0D
3BCDC8553F7FFEB5
3BA7A2673F7FFF24
3B888EDD3F7FFF6E
3B5E7C3D3F7FFF9F
3B353D903F7FFFC0
3B13A4463F7FFFD5
3AF08B023F7FFFE4
3AC3F3543F7FFFED
3A9F9FEB3F7FFFF4
3A8208743F7FFFF8
3A53DAB33F7FFFFB
3A2C94863F7FFFFC
3A0C96373F7FFFFE
39E50C803F7FFFFE
39BA964E3F7FFFFF
3997FF413F7FFFFF
3977A38F3F800000
3949BB1E3F800000
3924555F3F800000
3905DE6F3F800000
3ECAB6B4BF6B1495
BF38FD903F30F587
BF135AFDBF515684
BEBC3A03BF6E12A7
BF79B03FBE61FACC
3E2652423F7C99C3
3E5F5B1BBF79D602
3D4EAF993F7FAC83
BF40DAF2BF285A75
3F5E57ABBEFDC52E
3F0303753F5BEF65
BF2A2C5B3F3F4055
BF7B9177BE3DB667
BF04CD9DBF5ADBF0
3E0CF7D4BF7D9008
3F23EB2ABF44A373
3F6981F3BED1DBE3
3F7FA48EBD584DF1
3F7828603E7B83EB
3F6178CE3EF27962
3F44EF1C3F23903C
3F27D6293F414E20
3F0CD1393F55CA70
3EE9EA733F63B893
3EC100D03F6D1D66
3E9E8EA83F736A42
3E81E32C3F77A017
3E5466E03F7A6EAC
3E2D73863F7C4CFE
3E0D86C63F7D8B0E
3DE6D4263F7E5E68
3DBC2BF33F7EEAC9
3D995C573F7F47FF
3D79F0753F7F85E0
3D4BA5BD3F7FAEF3
3D25EAEF3F7FCA36
3D072C003F7FDC4E
3CDC3D793F7FE850
3CB36B2E3F7FF048
3C9229573F7FF591
3C6E22B43F7FF914
3C41FDDC3F7FFB68
3C1E07B93F7FFCF4
3C00BC1A3F7FFDFA
3BD1BD673F7FFEA8
3BAADBAC3F7FFF1C
3B8B2F253F7FFF69
3B62C38C3F7FFF9C
3B38B9D33F7FFFBD
3B167B1F3F7FFFD4
3AF52B373F7FFFE3
3AC7B8023F7FFFED
3AA2B1C33F7FFFF3
3A84889E3F7FFFF7
3A57EDAD3F7FFFFA
3A2FE6263F7FFFFC
3A0F4A563F7FFFFD
39E974203F7FFFFE
39BE2CE33F7FFFFF
399AEB8D3F7FFFFF
397C66B43F800000
394D9C413F800000
39277E663F800000
3908717B3F800000
BF0F0CCDBF544DA6
3BE6789A3F7FFE61
BF7506E1BE944B71
BF4B36D0BF1BB12C
BF79F2FE3E5D51DA
3EFF3C5E3F5DEC34
BD94057BBF7F549A
3E91B0603F756AD8
BF5DAF03BF00085C
3F479CDEBF204888
3F1E27AE3F494DA2
BF153A0A3F500216
BF7EB261BDCE62B6
BF13B1E0BF511940
3DA69739BF7F26D3
3F1AAB69BF4BFE52
3F6565C1BEE344DE
3F7F1BD8BDAABE5F
3F79A6433E62AB06
3F63E3C83EE941E5
3F479D963F2047A3
3F2A6DD23F3F0602
3F0F287E3F543AFA
3EEDFBCF3F62AA33
3EC474D73F6C67A0
3EA172523F72F097
3E8448573F774EE4
3E58596B3F7A3895
3E30B0FE3F7C2902
3E102DDC3F7D7323
3DEB2A373F7E4E84
3DBFB6373F7EE03B
3D9C3FAD3F7F40FD
3D7EA62B3F7F813A
3D4F7C903F7FABDD
3D290BE63F7FC82A
3D09B8A93F7FDAF2
3CE065033F7FE769
3CB6CDAA3F7FEFAE
3C94EB403F7FF52C
3C72A0DD3F7FF8D0
3C45A6D43F7FFB3B
3C2103043F7FFCD6
3C0329E73F7FFDE6
3BD5B2793F7FFE9B
3BAE14F13F7FFF13
3B8DCF6D3F7FFF63
3B670ADB3F7FFF98
3B3C36153F7FFFBB
3B1951F93F7FFFD2
3AF9CB6D3F7FFFE2
3ACB7CB03F7FFFEC
3AA5C39B3F7FFFF3
3A8708C73F7FFFF7
3A5C00A63F7FFFFA
3A3337C63F7FFFFC
3A11FE753F7FFFFD
39EDDBC03F7FFFFE
39C1C3793F7FFFFF
399DD7D83F7FFFFF
398094ED3F7FFFFF
39517D643F800000
392AA76D3F800000
390B04873F800000
BF7FEFF43CB5432C
3F3B761C3F2E56E4
BF6EB2DE3EB9076B
BF7E5CBDBDE749AF
BF4A84713F1C98EA
3F4568743F22FDB3
BEB68D09BF6F2CDC
3F00A9983F5D5196
BF723395BEA5D30F
3F2BE979BF3DB09E
3F36AE553F3357A0
BEFD488F3F5E7B2F
BF7FF814BC7EBC5C
BF21DF3CBF46539E
3CCAD776BF7FEBE8
3F11174ABF52E9EB
3F60F683BEF45B94
3F7E55D8BDE92CC1
3F7AFC583E49ADFE
3F6636A63EDFF1BA
3F4A3E0D3F1CF3C8
3F2CFD893F3CB4FD
3F117B573F52A4F5
3EF208493F61972D
3EC7E6313F6BAEA2
3EA454863F7274BB
3E86ACB83F76FC35
3E5C4B193F7A0180
3E33EDFD3F7C045C
3E12D4B23F7D5AC6
3DEF80023F7E3E55
3DC340553F7ED57C
3D9F22EE3F7F39DB
3D81ADE53F7F7C7D
3D5353563F7FA8B8
3D2C2CD63F7FC613
3D0C454F3F7FD98F
3CE48C883F7FE67D
3CBA30243F7FEF12
3C97AD283F7FF4C4
3C771F033F7FF88B
3C494FCC3F7FFB0E
3C23FE4E3F7FFCB8
3C0597B33F7FFDD2
3BD9A78A3F7FFE8E
3BB14E363F7FFF0A
3B906FB53F7FFF5D
3B6B522A3F7FFF94
3B3FB2573F7FFFB8
3B1C28D23F7FFFD0
3AFE6BA33F7FFFE0
3ACF415D3F7FFFEB
3AA8D5733F7FFFF2
3A8988F13F7FFFF7
3A6013A03F7FFFFA
3A3689663F7FFFFC
3A14B2933F7FFFFD
39F243603F7FFFFE
39C55A0E3F7FFFFF
39A0C4233F7FFFFF
3982F67F3F7FFFFF
39555E873F800000
392DD0733F800000
390D97933F800000
BF05845E3F5A6CA2
3F7F7397BD85FD77
BF030E8D3F5BE8C9
BF68F8A53ED43ADD
BEE8E3003F63FC0A
3F7210C43EA69DED
BF1C4F14BF4ABD74
3F31393D3F38BCB3
BF7DA3BDBE0ABBF6
3F0BEE16BF565F5F
3F4C2F963F1A6A5A
BECD55213F6A82F1
BF7F60323D8EEF08
BF2F4421BF3A9862
BD02AA58BF7FDEA5
3F073407BF596279
3F5C35D7BF028CEA
3F7D52C0BE13B190
3F7C2A6B3E3090CE
3F68712A3ED689DE
3F4CD0513F1994E9
3F2F85323F3A5B2F
3F13C9B13F51086C
3EF60FCB3F607F85
3ECB54D33F6AF26E
3EA7353F3F71F6AD
3E89104A3F76A80B
3E603BE83F79C96C
3E372A843F7BDF0C
3E157B463F7D41F8
3DF3D5853F7E2DD9
3DC6CA4D3F7ECA8A
3DA2061A3F7F3296
3D8408AA3F7F77AA
3D572A103F7FA584
3D2F4DBF3F7FC3F3
3D0ED1F23F7FD826
3CE8B40A3F7FE58E
3CBD929B3F7FEE73
3C9A6F0E3F7FF45B
3C7B9D293F7FF845
3C4CF8C43F7FFADF
3C26F9983F7FFC99
3C0805803F7FFDBE
3BDD9C9B3F7FFE80
3BB4877A3F7FFF01
3B930FFD3F7FFF57
3B6F99783F7FFF90
3B432E993F7FFFB6
3B1EFFAC3F7FFFCF
3B0185EC3F7FFFDF
3AD3060B3F7FFFEA
3AABE74B3F7FFFF2
3A8C091B3F7FFFF6
3A6426993F7FFFFA
3A39DB063F7FFFFC
3A1766B23F7FFFFD
39F6AB003F7FFFFE
39C8F0A33F7FFFFF
39A3B06E3F7FFFFF
398558123F7FFFFF
39593FAA3F800000
3930F97A3F800000
39102A9F3F800000
3EDF50FD3F665DAC
3F2317D9BF4552DA
3E00D8173F7DF728
BF1124373F52E107
BD026A213F7FDEC6
3F7FE7A2BCDF5F4F
BF5016B7BF151D44
3F57C9F23F09BC62
BF7F91B73D6D8684
3ED0ED35BF69B76F
3F5E50643EFDDEAF
BE9B20903F73F78C
BF7CEBD63E1E5576
BF3BCFFBBF2DF611
BDB52A83BF7EFF15
3EFA0E06BF5F6472
3F572573BF0ABCC8
3F7C12CCBE32A944
3F7D304A3E175779
3F6A93163ECD0B50
3F4F54343F162B42
3F3204AD3F37F8B1
3F1613783F4F656D
3EFA12423F5F6343
3ECEC0B03F6A3308
3EAA14753F717670
3E8B73093F765267
3E642BD13F799059
3E3A668E3F7BB911
3E1821973F7D28B8
3DF82AC03F7E1D13
3DCA541D3F7EBF66
3DA4E9313F7F2B30
3D8663633F7F72C1
3D5B00BD3F7FA242
3D326EA23F7FC1C9
3D115E903F7FD6B7
3CECDB893F7FE49A
3CC0F5113F7FEDD1
3C9D30F43F7FF3EF
3C800DA73F7FF7FE
3C50A1BA3F7FFAB0
3C29F4E13F7FFC79
3C0A734C3F7FFDA9
3BE191AC3F7FFE72
3BB7C0BF3F7FFEF8
3B95B0453F7FFF51
3B73E0C73F7FFF8C
3B46AADB3F7FFFB3
3B21D6863F7FFFCD
3B03D6073F7FFFDE
3AD6CAB93F7FFFE9
3AAEF9233F7FFFF1
3A8E89443F7FFFF6
3A6839933F7FFFF9
3A3D2CA63F7FFFFC
3A1A1AD03F7FFFFD
39FB12A03F7FFFFE
39CC87383F7FFFFF
39A69CB93F7FFFFF
3987B9A53F7FFFFF
395D20CD3F800000
393422813F800000
3912BDAB3F800000
3F7E2CE73DF414B7
BDFD1E4ABF7E0989
3F35CEA33F343A61
BD7EB8F73F7F8127
3ECB64C33F6AEEFB
3F6D2A00BEC0C2D4
BF723978BEA5B0A7
3F722EDE3EA5EE97
BF77EAFD3E7F4556
3E84CA44BF773D7B
3F6CC4003EC2B5DF
BE4E6FF23F7ABE6D
BF789F943E740BFD
BF47733EBF207C51
BE14357ABF7D4DEF
3EE52B9ABF64EC92
3F51C72EBF12BA6D
3F7A964ABE51760C
3F7E0DCC3DFC0C07
3F6C9C313EC37711
3F51C9883F12B710
3F347BDE3F358DA1
3F18589C3F4DBC04
3EFE0F963F5E426C
3ED229BD3F697071
3EACF2213F70F404
3E8DD4F33F75FB48
3E681AD33F795648
3E3DA21A3F7B926C
3E1AC7A43F7D0F06
3DFC7FB13F7E0C00
3DCDDDC53F7EB40F
3DA7CC323F7F23A9
3D88BE113F7F6DC1
3D5ED75E3F7F9EF0
3D358F7E3F7FBF96
3D13EB2B3F7FD540
3CF103033F7FE3A2
3CC457843F7FED2D
3C9FF2D93F7FF382
3C824CB83F7FF7B6
3C544AB03F7FFA80
3C2CF02A3F7FFC59
3C0CE1183F7FFD94
3BE586BD3F7FFE64
3BBAFA033F7FFEEF
3B98508D3F7FFF4B
3B7828153F7FFF88
3B4A271D3F7FFFB0
3B24AD5F3F7FFFCB
3B0626223F7FFFDD
3ADA8F673F7FFFE9
3AB20AFB3F7FFFF1
3A91096E3F7FFFF6
3A6C4C8C3F7FFFF9
3A407E463F7FFFFB
3A1CCEEF3F7FFFFD
39FF7A403F7FFFFE
39D01DCD3F7FFFFF
39A989043F7FFFFF
398A1B373F7FFFFF
396101F03F800000
39374B883F800000
391550B73F800000
3F230143BF456583
BF4E8323BF174A43
3F7E3C9D3DEFF46B
3EEBAEBA3F6343DF
3F4023CD3F292B5D
3F3C3AACBF2D8299
BF7FD25FBD18D1BE
3F7EEAE63DBC2210
BF66F8FE3EDCCB9A
3DD562FFBF7E9B4C
3F774D3C3E8454BB
BDC8B50D3F7EC487
BF7283713EA3FD97
BF521F82BF123BD3
BE4D5BE1BF7ACC98
3ECFCC2CBF69F7D2
3F4C1CF8BF1A82F5
3F78DD95BE701083
3F7EC2CD3DC940ED
3F6E8C443EB9CE23
3F5430223F0F3890
3F36EAA53F331A1C
3F1A990A3F4C0C3F
3F0103DA3F5D1D05
3ED58FED3F68AAAD
3EAFCE3D3F706F6B
3E9036023F75A2B0
3E6C08E83F791B3A
3E40DD273F7B6B1D
3E1D6D6C3F7CF4E3
3E006A2C3F7DFAA2
3DD167453F7EA886
3DAAAF1D3F7F1C00
3D8B18B23F7F68AC
3D62ADF23F7F9B91
3D38B0533F7FBD58
3D1677C33F7FD3C4
3CF52A793F7FE2A5
3CC7B9F63F7FEC85
3CA2B4BC3F7FF313
3C848BC93F7FF76C
3C57F3A63F7FFA4F
3C2FEB733F7FFC39
3C0F4EE43F7FFD7E
3BE97BCE3F7FFE56
3BBE33483F7FFEE5
3B9AF0D53F7FFF44
3B7C6F643F7FFF84
3B4DA35F3F7FFFAD
3B2784393F7FFFC9
3B08763D3F7FFFDC
3ADE54143F7FFFE8
3AB51CD43F7FFFF0
3A9389973F7FFFF5
3A705F863F7FFFF9
3A43CFE63F7FFFFB
3A1F830D3F7FFFFD
3A01F0F03F7FFFFE
39D3B4623F7FFFFF
39AC754F3F7FFFFF
398C7CCA3F7FFFFF
3964E3133F800000
393A748E3F800000
3917E3C33F800000
BE9C1023BF73D156
BF7BC1743E39B0F1
3F5AC1F7BF04F860
3F59FF263F0636D6
3F75EBBD3E8E409C
3EE6A916BF648CB5
BF77BA463E811ADD
3F7D462ABE15095A
BF4D5E5A3F18D6C8
BD5B66F5BF7FA1EA
3F7DBF7C3E0786B3
3BDA9EE63F7FFE8B
BF6AA2D43ECCC336
BF5BC78FBF03463D
BE82ECC0BF777D1E
3EB9FB65BF6E8372
3F4628DFBF22138E
3F76E917BE8738A7
3F7F4F323D9655BD
3F70631A3EB0118E
3F5687D73F0BB003
3F3950E73F309E3F
3F1CD4B13F4A562B
3F02FD443F5BF315
3ED8F3343F67E1BE
3EB2A8C33F6FE8A5
3E9296353F75489F
3E6FF60C3F78DF2D
3E4417B13F7B4325
3E2012EC3F7CDA4F
3E0294583F7DE8F9
3DD4F09B3F7E9CCB
3DAD91F23F7F1436
3D8D73473F7F6380
3D6684793F7F9822
3D3BD1203F7FBB11
3D1904563F7FD241
3CF951EB3F7FE1A4
3CCB1C643F7FEBDA
3CA5769E3F7FF2A1
3C86CAD93F7FF721
3C5B9C9A3F7FFA1D
3C32E6BC3F7FFC18
3C11BCB03F7FFD68
3BED70DE3F7FFE48
3BC16C8C3F7FFEDC
3B9D911C3F7FFF3E
3B805B593F7FFF7F
3B511FA13F7FFFAB
3B2A5B123F7FFFC7
3B0AC6583F7FFFDA
3AE218C23F7FFFE7
3AB82EAC3F7FFFEF
3A9609C13F7FFFF5
3A74727F3F7FFFF9
3A4721863F7FFFFB
3A22372C3F7FFFFD
3A0424C03F7FFFFE
39D74AF83F7FFFFF
39AF619A3F7FFFFF
398EDE5C3F7FFFFF
3968C4363F800000
393D9D953F800000
391A76CF3F800000
BF77537FBE8425E6
BF0AF8743F56FEED
3EB4DB7EBF6F7F25
3F7FFBD43C38D55F
3F7CC726BE21F440
3DDDFC64BF7E7DE1
BF5AA0DF3F052EC4
3F6D5865BEBFDDE5
BF2C10C83F3D8CF7
BE57074ABF7A4ACC
3F7FFF763B84C554
3DE3E2813F7E6906
BF610C6F3EF40ACB
BF645F70BEE75C29
BE9EBFF3BF73623A
3EA3C52CBF728CF9
3F3FED0ABF29697B
3F74B949BE964891
3F7FB2E23D46A52D
3F7220823EA64258
3F58D07C3F081DA7
3F3BAE873F2E1A27
3F1F0B7E3F4899D5
3F04F3FE3F5AC4A1
3EDC53883F6715A7
3EB581AB3F6F5FB5
3E94F5863F74ED15
3E73E23D3F78A224
3E4751B63F7B1A82
3E22B8253F7CBF49
3E04BE5E3F7DD704
3DD879C73F7E90DD
3DB074B03F7F0C4B
3D8FCDD13F7F5E3E
3D6A5AF33F7F94A4
3D3EF1E73F7FB8C0
3D1B90E53F7FD0B7
3CFD79583F7FE09F
3CCE7ED13F7FEB2D
3CA8387F3F7FF22E
3C8909E93F7FF6D4
3C5F458E3F7FF9EA
3C35E2033F7FFBF6
3C142A7B3F7FFD52
3BF165EE3F7FFE39
3BC4A5D03F7FFED2
3BA031643F7FFF38
3B827F003F7FFF7B
3B549BE33F7FFFA8
3B2D31EC3F7FFFC5
3B0D16733F7FFFD9
3AE5DD703F7FFFE6
3ABB40843F7FFFEF
3A9889EA3F7FFFF5
3A7885793F7FFFF8
3A4A73273F7FFFFB
3A24EB4B3F7FFFFD
3A0658903F7FFFFE
39DAE18D3F7FFFFF
39B24DE53F7FFFFF
39913FEF3F7FFFFF
396CA5593F800000
3940C69C3F800000
391D09DB3F800000
BF3D3AF23F2C6AF7
3E7430733F789D57
BE989063BF745EE8
3F5CF81FBF014303
3F536715BF1060AF
BE7D774ABF78089D
BF2AFDCE3F3E852A
3F500796BF15325F
BF044FE63F5B2807
BEB8ECFBBF6EB7FD
3F7E03A4BDFE97DC
3E5BCD473F7A086C
BF55D2253F0CC585
BF6BDC80BEC70D55
BEBA10ACBF6E7F4C
3E8D359DBF761232
3F396BBBBF308214
3F724EB0BEA53460
3F7FEDD03CC0FE67
3F73C44C3E9C618B
3F5B09E83F0481BD
3F3E03683F2B8DF3
3F213D603F46D74C
3F06E7FD3F5991B1
3EDFB0DB3F66466A
3EB858F03F6ED49C
3E9753F33F749014
3E77CD743F78641C
3E4A8B353F7AF136
3E255D153F7CA3D2
3E06E83D3F7DC4C3
3DDC02C93F7E84BD
3DB357583F7F043E
3D92284D3F7F58E5
3D6E315F3F7F9118
3D4212A63F7FB665
3D1E1D713F7FCF27
3D00D0613F7FDF95
3CD1E13B3F7FEA7D
3CAAFA5F3F7FF1B9
3C8B48F83F7FF687
3C62EE813F7FF9B7
3C38DD4B3F7FFBD4
3C1698463F7FFD3B
3BF55AFE3F7FFE2A
3BC7DF143F7FFEC8
3BA2D1AC3F7FFF31
3B84A2A73F7FFF77
3B5818253F7FFFA5
3B3008C53F7FFFC3
3B0F668D3F7FFFD8
3AE9A21D3F7FFFE5
3ABE525C3F7FFFEE
3A9B0A143F7FFFF4
3A7C98723F7FFFF8
3A4DC4C73F7FFFFB
3A279F693F7FFFFD
3A088C603F7FFFFE
39DE78223F7FFFFE
39B53A303F7FFFFF
3993A1823F7FFFFF
3970867C3F800000
3943EFA33F800000
391F9CE73F800000
3E2B5F4B3F7C63B8
3F5EBED03EFC5A5C
BF529D8DBF11860F
3EF5E097BF608C73
3F01B09BBF5CB7DE
BF1269F1BF51FF63
BED9B6383F67B408
3F26FB07BF420B89
BEAF326E3F708BD8
BF00DDAEBF5D3346
3F77D46BBE80518D
3EA19FBF3F72E90A
BF4908E93F1E7EFF
BF723579BEA5C800
BED4C877BF68D859
3E6CB211BF791131
3F32A74DBF375AC9
3F6FA9E1BEB3F880
3F7FFFF0BAB6C4F0
3F754E4C3E927033
3F5D33F33F00DC86
3F404F6F3F28F9C1
3F236A463F450E9D
3F08D9383F585A4A
3EE30B233F65740B
3EBB2E8A3F6E475A
3E99B1783F74319B
3E7BB7B03F782518
3E4DC42A3F7AC740
3E2801BB3F7C87E9
3E0911F33F7DB237
3DDF8B9F3F7E786B
3DB639E73F7EFC0F
3D9482BD3F7F5377
3D7207BE3F7F8D7D
3D45335E3F7FB401
3D20A9F93F7FCD91
3D02E4133F7FDE88
3CD543A33F7FE9CA
3CADBC3D3F7FF143
3C8D88063F7FF638
3C6697733F7FF982
3C3BD8923F7FFBB1
3C1906113F7FFD24
3BF9500E3F7FFE1A
3BCB18583F7FFEBE
3BA571F33F7FFF2A
3B86C64E3F7FFF72
3B5B94663F7FFFA2
3B32DF9E3F7FFFC2
3B11B6A83F7FFFD7
3AED66CB3F7FFFE4
3AC164343F7FFFEE
3A9D8A3D3F7FFFF4
3A8055B63F7FFFF8
3A5116673F7FFFFB
3A2A53883F7FFFFC
3A0AC0303F7FFFFE
39E20EB73F7FFFFE
39B8267C3F7FFFFF
399603143F7FFFFF
3974679F3F800000
394718A93F800000
39222FF33F800000
3F6B86D43EC8A183
3F749FF0BE96ED44
BF7F8E0D3D716F7A
BD226CF9BF7FCC74
3DB9D932BF7EF19A
BF52D21CBF1139E0
BE15F61F3F7D3D6E
3EE906DDBF63F2E0
BE1E67633F7CEB22
BF220F4FBF462C57
3F6D8BFABEBEDDE2
3ED392933F691EE7
BF3AC8973F2F10C0
BF776280BE83B55E
BEEED15FBF627204
3E3E77CBBF7B8855
3F2BA233BF3DF11E
3F6CCB80BEC29163
3F7FE940BCD7D533
3F76BE583E886F5D
3F5F4E773EFA5C84
3F4292803F265DAF
3F25921F3F433FD6
3F0AC7A43F571E72
3EE662543F649E8C
3EBE02743F6DB7F0
3E9C0E103F73D1AB
3E7FA0EB3F77E518
3E50FC953F7A9CA0
3E2AA6163F7C6B90
3E0B3B803F7D9F5F
3DE314493F7E6BE7
3DB91C5F3F7EF3BF
3D96DD203F7F4DF2
3D75DE0E3F7F89D3
3D48540F3F7FB192
3D23367C3F7FCBF3
3D04F7C43F7FDD75
3CD8A6093F7FE914
3CB07E1A3F7FF0CA
3C8FC7143F7FF5E8
3C6A40653F7FF94D
3C3ED3D93F7FFB8E
3C1B73DC3F7FFD0D
3BFD451D3F7FFE0B
3BCE519B3F7FFEB3
3BA8123A3F7FFF23
3B88E9F53F7FFF6E
3B5F10A83F7FFF9F
3B35B6783F7FFFC0
3B1406C33F7FFFD5
3AF12B783F7FFFE4
3AC4760C3F7FFFED
3AA00A673F7FFFF3
3A825F333F7FFFF8
3A5468073F7FFFFA
3A2D07A63F7FFFFC
3A0CF4003F7FFFFE
39E5A54C3F7FFFFE
39BB12C73F7FFFFF
399864A73F7FFFFF
397848C23F800000
394A41B03F800000
3924C2FF3F800000
3F53AB0BBF0FFCFA
3EE1E742BF65BC05
BF4006B43F294C64
BF0C58C9BF561993
BEAF5227BF708610
BF78632CBE77DC86
3E1437553F7D4DDE
3E6DE5F9BF78FEDB
3D1E19263F7FCF2A
BF3F37C2BF2A35FE
3F5F55DABEFA4228
3F01995C3F5CC585
BF2B2BC53F3E5BDE
BF7B5D2ABE41FF41
BF040AFFBF5B5192
3E0FD5A0BF7D7645
3F245EF8BF4442B0
3F69B43BBED0FB89
3F7FA9C4BD520DD8
3F78144A3E7CC02F
3F61594D3EF2EE69
3F44CC813F23B9DD
3F27B4DA3F416B06
3F0CB3373F55DE31
3EE9B6613F63C5F0
3EC0D4A63F6D2661
3E9E69B93F737045
3E81C4913F77A41A
3E5434723F7A7158
3E2D4A243F7C4EC5
3E0D64E43F7D8C3C
3DE69CC63F7E5F31
3DBBFEBE3F7EEB4E
3D9937763F7F4857
3D79B4513F7F861B
3D4B74B73F7FAF1A
3D25C2FC3F7FCA50
3D070B723F7FDC5F
3CDC086C3F7FE85B
3CB33FF63F7FF04F
3C9206213F7FF596
3C6DE9563F7FF917
3C41CF1F3F7FFB6A
3C1DE1A73F7FFCF5
3C009D163F7FFDFB
3BD18ADF3F7FFEA9
3BAAB2823F7FFF1C
3B8B0D9C3F7FFF69
3B628CEA3F7FFF9C
3B388D513F7FFFBD
3B1656DE3F7FFFD4
3AF4F0263F7FFFE3
3AC787E43F7FFFED
3AA28A903F7FFFF3
3A8468AF3F7FFFF7
3A57B9A73F7FFFFA
3A2FBBC53F7FFFFC
3A0F27D03F7FFFFD
39E93BE23F7FFFFE
39BDFF123F7FFFFF
399AC6393F7FFFFF
397C29E53F800000
394D6AB73F800000
3927560B3F800000
BCD981CEBF7FE8E5
BEB33E66BF6FCCBC
BE3BF9643F7BA657
BF668494BEDEB02B
BF35D357BF3435A3
BF7E54BE3DE9799B
3ED8E9C33F67E3F3
BB6B3359BF7FFF94
3E6BF8A53F791C30
BF579D22BF0A027F
3F4D6E35BF18C177
3F17FD2A3F4DFF9B
BF1A4F953F4C43D1
BF7E208BBDF7470E
BF1040C7BF537CDC
3DC1C9FFBF7ED9F3
3F1CE03CBF4A4D37
3F6664D2BEDF337A
3F7F4186BD9C07CC
3F794FFD3E6886E7
3F6354513EEB6F40
3F46FD573F210E6B
3F29D2653F3F903B
3F0E9BE73F54998C
3EED07403F62EA3A
3EC3A5193F6C92AE
3EA0C46F3F730D6A
3E83B8283F776221
3E576BC03F7A4566
3E2FEDE43F7C3189
3E0F8E1E3F7D78CD
3DEA25153F7E5248
3DBEE1053F7EE2BB
3D9B91BF3F7F42A6
3D7D8A843F7F8254
3D4E95583F7FAC98
3D284F773F7FC8A6
3D091F1E3F7FDB44
3CDF6ACD3F7FE79F
3CB601D03F7FEFD3
3C94452D3F7FF544
3C7192463F7FF8E0
3C44CA653F7FFB46
3C204F713F7FFCDD
3C02979E3F7FFDEB
3BD4C4223F7FFE9E
3BAD52C93F7FFF15
3B8D31433F7FFF64
3B66092C3F7FFF99
3B3B642B3F7FFFBB
3B18A6F93F7FFFD2
3AF8B4D43F7FFFE2
3ACA99BC3F7FFFEC
3AA50ABA3F7FFFF3
3A86722C3F7FFFF7
3A5B0B473F7FFFFA
3A326FE33F7FFFFC
3A115BA03F7FFFFD
39ECD2773F7FFFFE
39C0EB5D3F7FFFFF
399D27CC3F7FFFFF
398005843F7FFFFF
395093BE3F800000
3929E9173F800000
BF5B035BBF048C90
BF6BF071BEC6AEB9
3EEBF8603F6330C3
BF7EF3243DB951B2
BF714BF3BEAB04FB
BF63E51C3EE93CB3
3F2AA9B73F3ED080
BE750A84BF788FEE
3ED3C9313F691280
BF6AA3E7BECCBE49
3F3820D9BF31DB24
3F2CB5C53F3CF6AF
BF08537C3F58AEA7
BF7FA936BD52BAC1
BF1BFFFFBF4AFA54
3D46FE15BF7FB29D
3F1528B6BF500E83
3F62DE11BEED35CD
3F7EB097BDCEEFCD
3F7A71503E543505
3F653F603EE3DF8F
3F4924E73F1E5B77
3F2BEAB03F3DAF84
3F1081AA3F53508B
3EF054E53F620B6D
3EC673C93F6BFCD7
3EA31E2F3F72A919
3E85AB393F771F2B
3E5AA27D3F7A18CA
3E3291553F7C13DB
3E11B72E3F7D6513
3DEDAD363F7E452D
3DC1C3333F7EDA07
3D9DEBFA3F7F3CDF
3D80B0553F7F7E7E
3D51B5F13F7FAA0C
3D2ADBED3F7FC6F5
3D0B32C73F7FDA25
3CE2CD2B3F7FE6E1
3CB8C3A93F7FEF54
3C9684383F7FF4F0
3C753B353F7FF8A9
3C47C5AB3F7FFB21
3C22BD3B3F7FFCC4
3C0492253F7FFDDB
3BD7FD663F7FFE94
3BAFF3103F7FFF0E
3B8F54EA3F7FFF5F
3B69856D3F7FFF95
3B3E3B043F7FFFB9
3B1AF7133F7FFFD1
3AFC79813F7FFFE1
3ACDAB943F7FFFEB
3AA78AE33F7FFFF2
3A887BA93F7FFFF7
3A5E5CE73F7FFFFA
3A3524023F7FFFFC
3A138F703F7FFFFD
39F0690C3F7FFFFE
39C3D7A83F7FFFFF
399F895F3F7FFFFF
3981F6153F7FFFFF
3953BCC53F800000
392C7C233F800000
BF65DE973EE15A6D
BF6A27F33ECEF2E0
3F68E2CE3ED49AA9
BF4EACCD3F171154
BF7EB9E93DCC0C7D
BF2C71E13F3D34A5
3F5A660D3F058F22
BEEC4B09BF631B48
3F14D2C63F504C04
BF77D2C5BE805E48
3F1FC7F5BF4803D8
3F3F88ED3F29DAA2
BEEAB20E3F638535
BF7FF5453C943B24
BF273EFFBF41D0F8
3B1FB9FDBF7FFFCE
3F0D3B32BF55847D
3F5F20CFBEFAFF23
3F7DF70DBE00DB68
3F7B78243E3FCCB0
3F671A563EDC3FDF
3F4B43183F1BA123
3F2DFDAA3F3BC8F0
3F1264763F520334
3EF39F443F61298D
3EC940AD3F6B64DE
3EA576F33F724354
3E879DC23F76DB3A
3E5DD8A53F79EB86
3E3534763F7BF5BD
3E13E0113F7D510E
3DF135283F7E37DF
3DC4A5473F7ED132
3DA046273F7F3702
3D829B603F7F7A99
3D54D6823F7FA777
3D2D68603F7FC53E
3D0D466E3F7FD902
3CE62F873F7FE620
3CBB85813F7FEED4
3C98C3433F7FF49B
3C78E4243F7FF870
3C4AC0F03F7FFAFB
3C252B053F7FFCAB
3C068CAC3F7FFDCA
3BDB36A93F7FFE89
3BB293583F7FFF07
3B9178913F7FFF5B
3B6D01AF3F7FFF92
3B4111DD3F7FFFB7
3B1D472E3F7FFFD0
3B001F173F7FFFE0
3AD0BD6C3F7FFFEB
3AAA0B0D3F7FFFF2
3A8A85263F7FFFF7
3A61AE873F7FFFFA
3A37D8213F7FFFFC
3A15C3403F7FFFFD
39F3FFA13F7FFFFE
39C6C3F33F7FFFFF
39A1EAF13F7FFFFF
3983E6A73F7FFFFF
3956E5CB3F800000
392F0F2F3F800000
BDEB144D3F7E4ED5
BEAAC8893F7156A7
3F78F0B7BE6ED24E
BEC6EBCF3F6BE392
BF5B8D393F03A7B6
BEBE14983F6DB450
3F779DB63E81F552
BF285E7CBF40D76E
3F3A2CB23F2FB681
BF7ED5AFBDC32F8C
3F04CA9EBF5ADDC1
3F5041BB3F14E12A
BEC307413F6CB341
BF7F045B3DB34D0E
BF31F489BF38084F
BD330C47BF7FC15B
3F051A8EBF5AAD2D
3F5B2DF2BF044617
3F7D1506BE1A2A5F
3F7C645D3E2B5011
3F68E5133ED490B9
3F4D57D13F18DF8F
3F300B443F39DC8E
3F1444423F50B18E
3EF6E6533F60449C
3ECC0BC03F6ACAC5
3EA7CEBA3F71DC1B
3E898FC03F76964D
3E610E383F79BD99
3E37D7463F7BD72E
3E1608C93F7D3CBD
3DF4BCEB3F7E2A60
3DC787423F7EC83B
3DA2A0463F7F310E
3D8486643F7F76A5
3D57F70B3F7FA4D7
3D2FF4CE3F7FC381
3D0F5A133F7FD7DA
3CE991E03F7FE55B
3CBE47583F7FEE52
3C9B024D3F7FF444
3C7C8D113F7FF837
3C4DBC343F7FFAD5
3C2798CF3F7FFC92
3C0887333F7FFDB9
3BDE6FEC3F7FFE7D
3BB5339F3F7FFEFF
3B939C383F7FFF56
3B707DF03F7FFF8F
3B43E8B73F7FFFB5
3B1F97493F7FFFCE
3B02016E3F7FFFDF
3AD3CF443F7FFFEA
3AAC8B363F7FFFF1
3A8C8EA23F7FFFF6
3A6500273F7FFFFA
3A3A8C3F3F7FFFFC
3A17F7103F7FFFFD
39F796363F7FFFFE
39C9B03E3F7FFFFF
39A44C843F7FFFFF
3985D7383F7FFFFF
395A0ED23F800000
3931A23B3F800000
3F461DB33F222135
3EE9F27A3F63B683
3F1F557FBF485F12
3E1078E53F7D7077
BF0E7C123F54AEE3
BCB124903F7FF0AD
3F7FD67DBD11C487
BF51185CBF13B322
3F588BE53F088AAC
BF7F7FF33D7FECCA
3ECF362BBF6A1912
3F5EB12E3EFC8A79
BE99F0923F7427AB
BF7CD7A03E2056A4
BF3C17D0BF2DA863
BDB7D942BF7EF767
3EF99375BF5F86B4
3F57066FBF0AECD6
3F7C0AA7BE3360C2
3F7D35E33E16C152
3F6A9F763ECCD2A6
3F4F62F93F1616DB
3F32136B3F37EA6C
3F1621023F4F5BA0
3EFA2A043F5F5C9D
3ECED4FB3F6A2E8D
3EAA25803F71736F
3E8B81333F765066
3E6443333F798F03
3E3A79C43F7BB82D
3E1831543F7D2820
3DF8447D3F7E1CAE
3DCA69223F7EBF23
3DA4FA573F7F2B04
3D8671603F7F72A3
3D5B178B3F7FA22E
3D3281383F7FC1BC
3D116DB53F7FD6AE
3CECF4373F7FE494
3CC1092C3F7FEDCD
3C9D41563F7FF3ED
3C801AFF3F7FF7FC
3C50B7793F7FFAAF
3C2A06983F7FFC79
3C0A81BA3F7FFDA8
3BE1A92F3F7FFE72
3BB7D3E63F7FFEF8
3B95BFDF3F7FFF51
3B73FA323F7FFF8C
3B46BF903F7FFFB3
3B21E7643F7FFFCD
3B03E3C53F7FFFDE
3AD6E11C3F7FFFE9
3AAF0B603F7FFFF1
3A8E981F3F7FFFF6
3A6851C73F7FFFF9
3A3D405E3F7FFFFC
3A1A2AE03F7FFFFD
39FB2CCB3F7FFFFE
39CC9C893F7FFFFF
39A6AE163F7FFFFF
3987C7CA3F7FFFFF
395D37D93F800000
393435473F800000
3F737851BE9E383A
3F75E9EF3E8E4D16
3C0660FEBF7FFDCC
3F2165833F46B6B9
BE18EBCE3F7D211A
3EA958DD3F719764
3F725DEABEA4DAF0
BF6E071BBEBC7464
3F6ECCE53EB880E5
BF79CD533E5FF645
3E9169D9BF75754D
3F6AAEB23ECC8CC9
BE5F75553F79D48B
BF7971C83E664031
BF45A07EBF22B9BD
BE0AE40CBF7DA25E
3EE89776BF640F50
3F52AB44BF117234
3F7AD819BE4C7A8C
3F7DEC9F3E0222A0
3F6C49603EC50632
3F5164773F13472A
3F3416123F35F29B
3F17FAAE3F4E0170
3EFD6A4E3F5E7193
3ED19C583F699038
3EAC7B403F710950
3E8D72183F760983
3E6777933F795FC4
3E3D1BEE3F7B98BC
3E1A59B23F7D1339
3DFBCBDE3F7E0ECA
3DCD4AE83F7EB5E9
3DA7545A3F7F24E4
3D885C543F7F6E92
3D5E38033F7F9F7B
3D350D9D3F7FBFF2
3D1381553F7FD57E
3CF0568A3F7FE3CA
3CC3CB003F7FED47
3C9F805E3F7FF394
3C81EF753F7FF7C1
3C53B2BC3F7FFA87
3C2C74613F7FFC5F
3C0C7C413F7FFD97
3BE4E2723F7FFE67
3BBA742D3F7FFEF0
3B97E3863F7FFF4C
3B7776733F7FFF88
3B4996693F7FFFB1
3B24377E3F7FFFCB
3B05C61C3F7FFFDD
3AD9F2F43F7FFFE9
3AB18B893F7FFFF1
3A90A19C3F7FFFF6
3A6BA3673F7FFFF9
3A3FF47C3F7FFFFC
3A1C5EB03F7FFFFD
39FEC3613F7FFFFE
39CF88D43F7FFFFF
39A90FA93F7FFFFF
3989B85C3F7FFFFF
396060E03F800000
3936C8533F800000
3E81F523BF779DBC
3F5C7E0DBF0212CE
BF1C069CBF4AF53E
3F70A5DB3EAEA34E
3E92A3373F7546AD
3F241A4F3F447C1C
3F505866BF14C170
BF7D88F5BE0DC2D0
3F7C1A203E320387
BF6DE2223EBD2EC2
3E226BCDBF7CC25B
3F7418943E9A5029
BE09689A3F7DAF49
BF74D7073E95864D
BF4E86BEBF174557
BE398FB4BF7BC2FD
3ED74744BF68455E
3F4E1D7DBF17D4A2
3F797D8EBE6573BD
3F7E887E3DDAEC53
3F6DE2B33EBD2BE8
3F535C343F10709C
3F3613273F33F52A
3F19D13C3F4CA307
3F0053923F5D8382
3ED461CF3F68EFC6
3EAECFF73F709DC0
3E8F626C3F75C1A6
3E6AAB573F792FDD
3E3FBDC33F7B78DA
3E1C81E23F7CFE06
3DFF530E3F7E00B4
3DD02C933F7EAC8E
3DA9AE4E3F7F1EAE
3D8A47403F7F6A73
3D6158733F7F9CBE
3D3799FD3F7FBE21
3D1594F33F7FD449
3CF3B8DC3F7FE2FD
3CC68CD23F7FECC0
3CA1BF663F7FF339
3C83C3EB3F7FF786
3C56AE003F7FFA60
3C2EE22A3F7FFC44
3C0E76C83F7FFD86
3BE81BB43F7FFE5B
3BBD14733F7FFEE9
3B9A072C3F7FFF47
3B7AF2B53F7FFF85
3B4C6D423F7FFFAE
3B2687993F7FFFCA
3B07A8723F7FFFDC
3ADD04CC3F7FFFE8
3AB40BB33F7FFFF0
3A92AB193F7FFFF5
3A6EF5073F7FFFF9
3A42A89B3F7FFFFB
3A1E92803F7FFFFD
3A012CFB3F7FFFFE
39D2751F3F7FFFFF
39AB713C3F7FFFFF
398BA8ED3F7FFFFF
396389E63F800000
39395B5F3F800000
BF2D40EDBF3C7720
3E62AA89BF79A64A
BF77ED6DBE7F1F7A
3F7B456CBE43E8F8
3F2AE0C13F3E9F38
3F5EA3B83EFCB9ED
3F1CA86EBF4A7871
BF7EBE013DCAC418
3F7FF3EEBC9D390F
BF5C0A5D3F02D624
3CFAA235BF7FE152
3F7AD4603E4CC39B
BD496DF93F7FB0B5
BF6F0D103EB73356
BF56C33EBF0B549D
BE67D624BF795A47
3EC5A925BF6C2757
3F495E31BF1E1297
3F77FB3DBE7E485A
3F7F096F3DB17C3C
3F6F6B533EB54457
3F554A193F0D9353
3F380A9B3F31F228
3F1BA4A23F4B406B
3F01F03E3F5C926E
3ED7255C3F684D39
3EB123A23F7030BE
3E91522E3F7578CE
3E6DDE7C3F78FF4E
3E425F423F7B5887
3E1EA9E33F7CE887
3E016D053F7DF26C
3DD30E223F7EA312
3DAC08343F7F1861
3D8C32253F7F6644
3D6478DA3F7F99F8
3D3A26593F7FBC49
3D17A88D3F7FD310
3CF71B2A3F7FE22E
3CC94EA33F7FEC36
3CA3FE6C3F7FF2DE
3C8598603F7FF749
3C59A9423F7FFA37
3C314FF33F7FFC29
3C10714E3F7FFD74
3BEB54F73F7FFE4F
3BBFB4BA3F7FFEE1
3B9C2AD33F7FFF41
3B7E6EF63F7FFF82
3B4F441B3F7FFFAC
3B28D7B43F7FFFC8
3B098AC93F7FFFDB
3AE016A43F7FFFE7
3AB68BDC3F7FFFF0
3A94B4953F7FFFF5
3A7246A73F7FFFF9
3A455CB93F7FFFFB
3A20C6503F7FFFFD
3A02F8453F7FFFFE
39D5616B3F7FFFFF
39ADD2CE3F7FFFFF
398D997F3F7FFFFF
3966B2ED3F800000
393BEE6B3F800000
BF7C328C3E2FD6AC
BF0EBAB0BF5484E2
BF6A992B3ECCEF78
3F3E3CA4BF2B4E7A
3F6BD5013EC730DB
3F7CD4D13E209D74
3EB75FEDBF6F0484
BF7194D23EA96784
3F7A355ABE58952F
BF44B7C43F23D2C7
BDC88FC4BF7EC4FC
3F7ECF263DC54EB3
3D143E483F7FD510
BF681B0F3ED7FD7F
BF5E4F3BBEFDE2BE
BE8ACF0FBF76698D
3EB3C378BF6FB3D4
3F446E86BF242A92
3F765163BE8B7A36
3F7F6F653D87F95F
3F70E3243EAD500C
3F572E0D3F0AAF71
3F39FC5F3F2FE9A6
3F1D74D63F49D9A3
3F038B253F5B9E58
3ED9E6F73F67A893
3EB3763E3F6FC24B
3E93415D3F752EFC
3E7111003F78CE16
3E45006A3F7B37C4
3E20D1B53F7CD2BE
3E03306A3F7DE3F2
3DD5EF963F7E9974
3DAE620B3F7F11FF
3D8E1D013F7F6207
3D6799383F7F9728
3D3CB2B03F7FBA6B
3D19BC263F7FD1D3
3CFA7D763F7FE15B
3CCC10723F7FEBAA
3CA63D723F7FF281
3C876CD53F7FF70B
3C5CA4853F7FFA0F
3C33BDBB3F7FFC0E
3C126BD53F7FFD62
3BEE8E393F7FFE43
3BC255013F7FFED9
3B9E4E7A3F7FFF3C
3B80F59C3F7FFF7E
3B521AF53F7FFFAA
3B2B27CE3F7FFFC7
3B0B6D203F7FFFDA
3AE3287C3F7FFFE7
3AB90C063F7FFFEF
3A96BE123F7FFFF5
3A7598473F7FFFF9
3A4810D83F7FFFFB
3A22FA203F7FFFFD
3A04C3903F7FFFFE
39D84DB63F7FFFFF
39B034613F7FFFFF
398F8A103F7FFFFF
3969DBF43F800000
393E81773F800000
BEC68B513F6BF7E4
BF7C8873BE27F4CA
BEF364493F61397F
3E95E6C9BF74C846
3F7FC989BD26F50D
3F7AD597BE4CABBF
3D978A45BF7F4C58
BF56CB6F3F0B47FD
3F6B1585BECAB258
BF287F083F40BAFE
BE663B7EBF79720D
3F7FFDB9BC08A32A
3DF86AF93F7E1C18
BF60099F3EF7BC2D
BF652480BEE44B95
BEA16755BF72F26B
3EA19CB8BF72E98B
3F3F4FABBF2A1B1D
3F748044BE97BA03
3F7FBA553D3CD03F
3F724A0C3EA54F96
3F5907FB3F07C51A
3F3BE8623F2DDBB4
3F1F41D03F486EB8
3F0524423F5AA745
3EDCA69A3F6701D5
3EB5C7C63F6F5269
3E952FF53F74E431
3E7442E23F789C36
3E47A1393F7B168F
3E22F9583F7CBCA9
3E04F3B53F7DD545
3DD8D0EE3F7E8FB5
3DB0BBD23F7F0B86
3D9007D53F7F5DBB
3D6AB98D3F7F944D
3D3F3F033F7FB886
3D1BCFBB3F7FD091
3CFDDFBE3F7FE086
3CCED23F3F7FEB1C
3CA87C773F7FF223
3C8941493F7FF6CD
3C5F9FC73F7FF9E5
3C362B833F7FFBF3
3C14665B3F7FFD50
3BF1C77B3F7FFE37
3BC4F5473F7FFED1
3BA072203F7FFF37
3B82B3BC3F7FFF7B
3B54F1CE3F7FFFA7
3B2D77E93F7FFFC5
3B0D4F773F7FFFD9
3AE63A543F7FFFE6
3ABB8C2F3F7FFFEF
3A98C78F3F7FFFF5
3A78E9E73F7FFFF8
3A4AC4F73F7FFFFB
3A252DF03F7FFFFD
3A068EDB3F7FFFFE
39DB3A013F7FFFFF
39B295F33F7FFFFF
39917AA23F7FFFFF
396D04FB3F800000
394114833F800000
3F10EC6E3F530761
BF4BD1FA3F1AE5D4
3E2B70023F7C6302
BE76D6E4BF787374
3F62EF98BEECF2B2
3F58E71FBF07F991
BE5DA24ABF79EE8A
BF2FE49E3F3A0121
3F532596BF10C068
BF0814153F58D67E
BEB23031BF6FFF0F
3F7E5CC5BDE7477C
3E5273A73F7A8902
BF56E2BC3F0B2408
BF6B3D6FBEC9F8C9
BEB7A791BF6EF6C3
3E8F3B78BF75C753
3F3A02DABF2FE2CB
3F72882BBEA3E1A0
3F7FEA373CD3338C
3F739FF13E9D4385
3F5AD7CC3F04D46F
3F3DCE963F2BC861
3F210B853F46FFAF
3F06BB8E3F59AD38
3EDF643E3F665901
3EB818363F6EE117
3E971DF63F74986C
3E77741E3F7869AD
3E4A41AF3F7AF4EB
3E2520C93F7CA649
3E06B6E63F7DC666
3DDBB22A3F7E85D4
3DB3158A3F7F04F7
3D91F2A13F7F5960
3D6DD9DA3F7F916A
3D41CB503F7FB69B
3D1DE34F3F7FCF4B
3D00A1023F7FDFAD
3CD1940B3F7FEA8D
3CAABB7C3F7FF1C4
3C8B15BD3F7FF68E
3C629B083F7FF9BB
3C38994B3F7FFBD7
3C1660E13F7FFD3D
3BF500BD3F7FFE2B
3BC7958E3F7FFEC9
3BA295C73F7FFF31
3B8471DD3F7FFF77
3B57C8A73F7FFFA5
3B2FC8043F7FFFC4
3B0F31CD3F7FFFD8
3AE94C2C3F7FFFE5
3ABE0C593F7FFFEE
3A9AD10C3F7FFFF4
3A7C3B873F7FFFF8
3A4D79153F7FFFFB
3A2761C03F7FFFFD
3A085A253F7FFFFE
39DE264C3F7FFFFE
39B4F7863F7FFFFF
39936B333F7FFFFF
39702E013F800000
3943A78F3F800000
3F7FE08EBCFDBF5A
BDD958813F7E8DE6
3F3D392C3F2C6CEA
BF34C5A3BF35442D
3F1AC87CBF4BE843
3F1B5B51BF4B787B
BEFA1F68BF5F5F95
BEFE24263F5E3C8B
3F334B45BF36BA76
BEC88B2F3F6B8B95
BEEE5041BF629403
3F79F0DEBE5D7840
3E9394953F75227A
BF4CB1BC3F19BDAA
BF709506BEAEFFFC
BECD839FBF6A78C2
3E794CBBBF784C23
3F34895ABF358038
3F706968BEAFEF1D
3F7FFF063BB2C106
3F74E4BB3E952C6A
3F5C9D6B3F01DD94
3F3FAEEC3F29AFC0
3F22D1EC3F458C92
3F0851053F58B034
3EE21FDE3F65AE18
3EBA678D3F6E6E56
3E990B5C3F744BAE
3E7AA4B33F78367D
3E4CE1CA3F7AD2D5
3E27480A3F7C8F9E
3E0879FC3F7DB756
3DDE93493F7E7BD2
3DB56F323F7EFE51
3D93DD643F7F54F7
3D70FA1D3F7F8E7C
3D4457983F7FB4AA
3D1FF6DF3F7FCE01
3D0252243F7FDED2
3CD455D63F7FE9FB
3CACFA7F3F7FF163
3C8CEA303F7FF64E
3C6596493F7FF991
3C3B07123F7FFBBB
3C185B673F7FFD2B
3BF839FF3F7FFE1F
3BCA35D43F7FFEC1
3BA4B96D3F7FFF2C
3B862FFE3F7FFF73
3B5A9F803F7FFFA3
3B32181E3F7FFFC2
3B1114243F7FFFD7
3AEC5E043F7FFFE5
3AC08C823F7FFFEE
3A9CDA883F7FFFF4
3A7F8D273F7FFFF8
3A502D343F7FFFFB
3A2995903F7FFFFC
3A0A25703F7FFFFE
39E112973F7FFFFE
39B759193F7FFFFF
39955BC53F7FFFFF
397357083F800000
39463A9B3F800000
3F039418BF5B98FC
3F2689963F426CEE
3F7F45E23D9A3C96
BF784814BE798D5C
3E5462A8BF7A6EE5
3E941031BF750FD7
BF381C30BF31DFF7
BE8E29823F75EF14
3F0CB845BF55DADE
BE77DF583F7862FF
BF133FB1BF5169B8
3F72C672BEA26F22
3EBCDBFC3F6DF293
BF41833E3F2798E8
BF7526E0BE937759
BEE2EF93BF657ADC
3E53C848BF7A7711
3F2EE47BBF3AF20B
3F6E2451BEBBE08D
3F7FF8C0BC73AF86
3F7618543E8D0AD6
3F5E58C43EFDC157
3F4189553F2791DF
3F2494FC3F441566
3F09E4A13F57B03D
3EE4D9733F65011C
3EBCB5C53F6DFA27
3E9AF8273F73FDF8
3E7DD49F3F7802A6
3E4F818A3F7AB04F
3E296F193F7C78A7
3E0A3CF83F7DA813
3DE1744A3F7E71AF
3DB7C8CB3F7EF796
3D95C81F3F7F507F
3D741A573F7F8B84
3D46E3DC3F7FB2B2
3D220A6D3F7FCCB2
3D0403443F7FDDF4
3CD7179E3F7FE968
3CAF39823F7FF102
3C8EBEA33F7FF60D
3C6891893F7FF966
3C3D74DA3F7FFB9E
3C1A55ED3F7FFD18
3BFB73413F7FFE12
3BCCD61B3F7FFEB8
3BA6DD143F7FFF26
3B87EE1E3F7FFF70
3B5D76593F7FFFA0
3B3468393F7FFFC0
3B12F67B3F7FFFD6
3AEF6FDB3F7FFFE4
3AC30CAC3F7FFFED
3A9EE4053F7FFFF4
3A816F643F7FFFF8
3A52E1523F7FFFFB
3A2BC9603F7FFFFC
3A0BF0BA3F7FFFFE
39E3FEE23F7FFFFE
39B9BAAB3F7FFFFF
39974C563F7FFFFF
3976800F3F800000
3948CDA73F800000
BEE362BCBF655E5A
3F7FB4DE3D4412F0
3F54F961BF0E0CA1
BF74FC6F3E94906B
BE6AE30BBF792C95
BD85BFD3BF7F7418
BF638C48BEEA969D
BD3151743F7FC290
3EC1BD8FBF6CF6E7
BDB0F81C3F7F0ADE
BF2CE7DDBF3CC8D9
3F68F1A6BED45995
3EE4C3033F6506B7
BF35651B3F34A498
BF78EF3BBE6EEB05
BEF7DFBDBF5FFFC9
3E2DF72CBF7C4753
3F291598BF4036F5
3F6BB943BEC7B40A
3F7FD765BD102972
3F773AA63E84DF5A
3F6009C03EF7BBB5
3F435DC23F256ED0
3F2654AC3F429A35
3F0B765C3F56AD56
3EE790F73F64520F
3EBF02DB3F6D848C
3E9CE4543F73AF48
3E8081F03F77CE26
3E5220EC3F7A8D59
3E2B95F53F7C6166
3E0BFFD83F7D989E
3DE4552E3F7E676A
3DBA22543F7EF0C5
3D97B2D13F7F4BF8
3D773A883F7F8883
3D49701A3F7FB0B3
3D241DF83F7FCB5F
3D05B4633F7FDD13
3CD9D9663F7FE8D3
3CB178843F7FF09F
3C9093153F7FF5CB
3C6B8CC93F7FF93A
3C3FE2A13F7FFB81
3C1C50733F7FFD04
3BFEAC823F7FFE05
3BCF76613F7FFEB0
3BA900BA3F7FFF21
3B89AC3F3F7FFF6C
3B604D323F7FFF9E
3B36B8533F7FFFBF
3B14D8D13F7FFFD5
3AF281B33F7FFFE3
3AC58CD53F7FFFED
3AA0ED823F7FFFF3
3A8318343F7FFFF8
3A5595713F7FFFFA
3A2DFD303F7FFFFC
3A0DBC053F7FFFFE
39E6EB2D3F7FFFFE
39BC1C3E3F7FFFFF
39993CE83F7FFFFF
3979A9163F800000
394B60B33F800000
BF7E6F7DBDE212B5
3F385DF5BF319BCB
3EA08F74BF73162B
BF2BD34B3F3DC4B5
BF1F55CCBF485ED5
BED2AE4FBF695290
BF7BB119BE3B1264
3E462A5E3F7B291E
3E458E7EBF7B30CA
3D9236B33F7F58C5
BF43B404BF2508BD
3F5C8E1ABF01F795
3F057F9C3F5A6F8A
BF2866553F40D094
BF7BEAFDBE3622F9
BF062459BF5A0A86
3E07E715BF7DBC43
3F231E16BF454DB2
3F6928A0BED367B0
3F7F9AFABD6357C2
3F784B9D3E795515
3F61B04C3EF1AA88
3F452C253F2346A3
3F2810F13F411B06
3F0D06313F55A783
3EEA46633F63A0F1
3EC14ECD3F6D0D83
3E9ECFE13F735FA1
3E8219393F7798FF
3E54BFF03F7A69F2
3E2DBC9E3F7C49D9
3E0DC29C3F7D88F7
3DE735F53F7E5D04
3DBC7BCC3F7EE9DD
3D999D7A3F7F4762
3D7A5AAF3F7F8578
3D4BFC543F7FAEAE
3D2631803F7FCA08
3D0765803F7FDC2F
3CDC9B2B3F7FE83C
3CB3B7853F7FF03A
3C9267873F7FF589
3C6E88083F7FF90E
3C4250683F7FFB64
3C1E4AF83F7FFCF1
3C00F2E23F7FFDF8
3BD216A73F7FFEA7
3BAB24613F7FFF1B
3B8B6A5F3F7FFF68
3B63240B3F7FFF9B
3B39086E3F7FFFBD
3B16BB283F7FFFD4
3AF5938B3F7FFFE3
3AC80CFF3F7FFFEC
3AA2F6FE3F7FFFF3
3A84C1043F7FFFF7
3A58498F3F7FFFFA
3A3031003F7FFFFC
3A0F87503F7FFFFD
39E9D7783F7FFFFE
39BE7DD03F7FFFFF
399B2D793F7FFFFF
397CD21C3F800000
394DF3BF3F800000
BF2140573F46D4E4
BC2CD9FFBF7FFC5A
BEACF9E0BF70F2A0
BE46A75E3F7B22F2
BF658BC5BEE2AB1E
BF348D0EBF357C89
BF7E7E903DDDCA40
3ED6BDE33F686527
3967AD04BF800000
3E68E0AD3F794AC0
BF5743A2BF0A8DEE
3F4DBEA2BF185512
3F17A4A33F4E40CF
BF1A97033F4C0DC8
BF7E17B1BDF98A75
BF100FA8BF539E55
3DC34B99BF7ED559
3F1CFF66BF4A3509
3F6672D2BEDEF9A3
3F7F4383BD9B3702
3F794B253E68D9F5
3F634C543EEB8E18
3F46F46F3F21196A
3F29C9C53F3F97E1
3F0E941B3F549EC7
3EECF9B13F62EDC4
3EC399953F6C950F
3EA0BACC3F730F02
3E83B02A3F776331
3E575E943F7A461B
3E2FE3143F7C3201
3E0F85443F7D791D
3DEA169C3F7E527D
3DBED5343F7EE2DF
3D9B881B3F7F42BE
3D7D7ACC3F7F8263
3D4E88883F7FACA2
3D2845053F7FC8AD
3D09169B3F7FDB49
3CDF5CEF3F7FE7A2
3CB5F6843F7FEFD5
3C943BF93F7FF545
3C7183473F7FF8E1
3C44BE2E3F7FFB46
3C20457D3F7FFCDD
3C028F823F7FFDEB
3BD4B6ED3F7FFE9F
3BAD48073F7FFF15
3B8D28803F7FFF64
3B65FAE43F7FFF99
3B3B58893F7FFFBB
3B189D7F3F7FFFD3
3AF8A5633F7FFFE2
3ACA8D283F7FFFEC
3AA5007B3F7FFFF3
3A8669D43F7FFFF7
3A5AFDAE3F7FFFFA
3A3264D03F7FFFFC
3A11529A3F7FFFFD
39ECC3C33F7FFFFE
39C0DF633F7FFFFF
399D1E0B3F7FFFFF
397FFB233F800000
395086CB3F800000
3EA05F863F731E14
BF3C12C5BF2DADD9
BF588C10BF088A67
3EAD52B23F70E2AA
BF7FF515BC95877E
BF68C667BED516F1
BF6BB7D73EC7BABF
3F1F24F73F4885A0
BE451CD4BF7B365F
3EC16CAB3F6D076C
BF6743E7BEDB9113
3F3CACDFBF2D0665
3F28AEBA3F409142
BF0C08403F564E49
BF7F738EBD8601DD
BF19AC63BF4CBEB5
3D6D04AABF7F9230
3F16BAFDBF4EEBCD
3F639847BEEA6809
3F7ED10CBDC4B1B8
3F7A392C3E584E7C
3F64DDC63EE566AF
3F48B6933F1EE736
3F2B7F1C3F3E10CD
3F1020133F539327
3EEFAADB3F62388B
3EC5E3323F6C1B30
3EA2A5143F72BD6B
3E8546C23F772CBB
3E59FCD83F7A21D4
3E3209553F7C19DE
3E1147D03F7D6912
3DECF7253F7E47D4
3DC12E8C3F7EDBCB
3D9D72B33F7F3E0B
3D804D703F7F7F45
3D5114B73F7FAA90
3D2A58883F7FC74D
3D0AC7B53F7FDA5F
3CE21EB23F7FE708
3CB835843F7FEF6E
3C96106A3F7FF501
3C747E863F7FF8B4
3C472BF43F7FFB28
3C2240033F7FFCC9
3C042C233F7FFDDE
3BD757333F7FFE96
3BAF6BAD3F7FFF10
3B8EE6A03F7FFF60
3B68D1BD3F7FFF96
3B3DA8A33F7FFFBA
3B1A7FD53F7FFFD1
3AFBB73B3F7FFFE1
3ACD0D523F7FFFEB
3AA709F83F7FFFF2
3A8812A43F7FFFF7
3A5DB1CC3F7FFFFA
3A3498A03F7FFFFC
3A131DE53F7FFFFD
39EFB00E3F7FFFFE
39C340F63F7FFFFF
399F0E9C3F7FFFFF
398192153F7FFFFF
395319D73F800000
3F77E6BC3E7F8772
BF7F641B3D8D2D16
BF7EB1D03DCE8F6D
3F4645B63F21F044
BF69879C3ED1C2AF
BF7F5D1ABD904F02
BF44F47F3F2389C0
3F49F1173F1D56C1
BEC187F1BF6D01DB
3F04CBED3F5ADCF5
BF737115BE9E64BA
3F2988CABF3FD163
3F387E173F317A6A
BEF998263F5F8565
BF7FFD75BC105905
BF22F54ABF456F66
3CA638ABBF7FF282
3F10525FBF5370DB
3F609974BEF5B111
3F7E439EBDEE179F
3F7B15A33E47B3D4
3F66648D3EDF3497
3F4A72823F1CB019
3F2D30EF3F3C85D3
3F11AA163F5284A4
3EF259DB3F618147
3EC82B9E3F6B9FE6
3EA48EB53F726ADD
3E86DD013F76F59F
3E5C9ABB3F79FD1C
3E342F613F7C0170
3E130A3F3F7D58D5
3DEFD7903F7E3D0A
3DC387D33F7ED4A1
3D9F5D413F7F3949
3D81DD753F7F7C1C
3D53A0E03F7FA878
3D2C6C083F7FC5E9
3D0C78CE3F7FD973
3CE4E0723F7FE66B
3CBA74823F7FEF06
3C97E4DA3F7FF4BC
3C7779C33F7FF886
3C4999BA3F7FFB0A
3C243A883F7FFCB5
3C05C8C33F7FFDD1
3BD9F7793F7FFE8D
3BB18F533F7FFF0A
3B90A4C13F7FFF5D
3B6BA8963F7FFF94
3B3FF8BE3F7FFFB8
3B1C622C3F7FFFD0
3AFEC9133F7FFFE0
3ACF8D7B3F7FFFEB
3AA913753F7FFFF2
3A89BB743F7FFFF7
3A6065EB3F7FFFFA
3A36CC703F7FFFFC
3A14E92F3F7FFFFD
39F29C593F7FFFFE
39C5A2883F7FFFFF
39A0FF2E3F7FFFFF
398326983F7FFFFF
3955ACE33F800000
3F3BB25CBF2E1605
BF2265F23F45E55F
BF38BD303F3138BB
3F7D56FA3E133D69
BF268AE23F426BD2
BF7570F13E918745
BF0D7DF13F555848
3F6959603ED2901F
BF0CA013BF55EAC7
3F2592E73F433F2D
BF7B979FBE3D3399
3F148830BF50813A
3F46F53B3F21186F
BED9EAB33F67A7B2
BF7FB4F63D43F4E0
BF2BE54EBF3DB465
BC8DD429BF7FF62D
3F09C716BF57C31D
3F5D76D2BF006977
3F7D9B4BBE0BB22A
3F7BE0783E370B26
3F67E0993ED8F818
3F4C282F3F1A7423
3F2EDF343F3AF6FB
3F13321C3F517344
3EF506AA3F60C7F9
3ECA72D83F6B2333
3EA677B03F721758
3E8872E43F76BDDB
3E5F383A3F79D7F5
3E3655383F7BE8B8
3E14CC913F7D4866
3DF2B7DA3F7E321F
3DC5E1083F7ECD60
3DA147C63F7F3478
3D836D753F7F78EA
3D562D053F7FA659
3D2E7F853F7FC480
3D0E29E53F7FD884
3CE7A2313F7FE5CC
3CBCB37F3F7FEE9C
3C99B94A3F7FF476
3C7A75013F7FF858
3C4C07803F7FFAEB
3C26350D3F7FFCA1
3C0765643F7FFDC3
3BDC97BF3F7FFE84
3BB3B2F93F7FFF04
3B9262E13F7FFF59
3B6E7F6F3F7FFF91
3B4248D83F7FFFB6
3B1E44833F7FFFCF
3B00ED753F7FFFE0
3AD20DA53F7FFFEA
3AAB1CF13F7FFFF2
3A8B64443F7FFFF7
3A631A0A3F7FFFFA
3A3900403F7FFFFC
3A16B47A3F7FFFFD
39F588A53F7FFFFE
39C8041B3F7FFFFF
39A2EFBF3F7FFFFF
3984BB1C3F7FFFFF
39583FEF3F800000
BE344D2BBF7C001C
3E0221C43F7DECA6
BE117D753F7D6726
3F6C28DFBEC5A1D5
BE878E113F76DD62
BF4C45513F1A4D9A
BE94102D3F750FD7
3F7B98513E3D24CE
BF333698BF36CEBD
3F423A4B3F26C4A2
BF7F9504BD69F2EF
3EFBCC34BF5EE704
3F53F9293F0F89E2
BEB92F623F6EAB1E
BF7E9A4B3DD5AF79
BF34778EBF3591EA
BD60D6D3BF7F9D31
3F031AB3BF5BE18B
3F5A30E2BF05E5ED
3F7CD823BE2049BE
3F7C999F3E26559E
3F6951D83ED2B17D
3F4DD78C3F183367
3F3089E33F39644D
3F14B8223F505F0A
3EF7B1423F600CA3
3ECCB8DB3F6AA516
3EA860003F71C2DC
3E8A086A3F768571
3E61D5553F79B25D
3E387AD83F7BCFB4
3E168EC63F7D37C4
3DF598053F7E2713
3DC83A2D3F7EC60A
3DA332423F7F2F99
3D84FD703F7F75AE
3D58B9233F7FA433
3D3092FE3F7FC314
3D0FDAFA3F7FD792
3CEA63EF3F7FE52B
3CBEF27B3F7FEE32
3C9B8DBA3F7FF42F
3C7D703D3F7FF829
3C4E75453F7FFACC
3C282F913F7FFC8C
3C0902043F7FFDB5
3BDF38053F7FFE7B
3BB5D6A03F7FFEFE
3B9421013F7FFF55
3B7156483F7FFF8E
3B4498F33F7FFFB5
3B2026D93F7FFFCE
3B0276613F7FFFDF
3AD48DCE3F7FFFEA
3AAD266E3F7FFFF1
3A8D0D143F7FFFF6
3A65CE283F7FFFFA
3A3B34103F7FFFFC
3A187FC43F7FFFFD
39F874F03F7FFFFE
39CA65AD3F7FFFFF
39A4E0513F7FFFFF
39864F9F3F7FFFFF
395AD2FB3F800000
BF6C67C6BEC4741F
3F4F0B033F16901B
3EFEDD2F3F5E078B
3F17A1A8BF4E4300
3E2FAE373F7C344F
BF09180E3F58327E
BA9688D63F7FFFF5
3F7FA679BD5606B9
BF531534BF10D84A
3F5A0B6C3F0622E5
BF7F585E3D92637D
3ECBC44CBF6ADA48
3F5F71973EF9DF09
BE978EBD3F7486FA
BF7CAE5E3E245A70
BF3CA75EBF2D0C65
BDBD3917BF7EE7AC
3EF89DA3BF5FCB26
3F56C828BF0B4D0A
3F7BFA3BBE34D05D
3F7D410A3E159469
3F6AB8373ECC6111
3F4F808B3F15EDF6
3F3230F23F37CDD1
3F163C213F4F47FA
3EFA599E3F5F4F47
3ECEFDA33F6A2592
3EAA47A63F716D6A
3E8B9D943F764C60
3E64720B3F798C55
3E3AA0423F7BB665
3E1850DD3F7D26F1
3DF878103F7E1BE5
3DCA93403F7EBE9D
3DA51CB53F7F2AAB
3D868D663F7F7268
3D5B453D3F7FA207
3D32A6753F7FC1A2
3D118C0E3F7FD69D
3CED25AA3F7FE489
3CC131773F7FEDC6
3C9D62293F7FF3E8
3C8035BD3F7FF7F9
3C50E30A3F7FFAAC
3C2A2A163F7FFC77
3C0A9EA43F7FFDA8
3BE1D84A3F7FFE72
3BB7FA463F7FFEF8
3B95DF223F7FFF51
3B742D203F7FFF8C
3B46E90D3F7FFFB3
3B2209303F7FFFCD
3B03FF4D3F7FFFDE
3AD70DF73F7FFFE9
3AAF2FEB3F7FFFF1
3A8EB5E43F7FFFF6
3A6882473F7FFFF9
3A3D67E03F7FFFFC
3A1A4B0F3F7FFFFD
39FB613B3F7FFFFE
39CCC7403F7FFFFF
39A6D0E23F7FFFFF
3987E4223F7FFFFF
395D66073F800000
BF5262A73F11DB28
3F7B9743BE3D3B41
3F6D26293EC0D5BB
3DBEE344BF7EE2B5
3F133CC43F516BC7
BE51DA6C3F7A910A
3E92EFDF3F753B35
3F754948BE9291CB
BF6B0A0DBECAE787
3F6C6E723EC453FC
BF7AE2AF3E4BAA58
3E997FA6BF743970
3F69491F3ED2D81A
BE6A64CD3F793403
BF79F2C33E5D560F
BF447046BF24287B
BE04E122BF7DD5E1
3EEACA26BF637EFD
3F533D32BF109DF2
3F7B01ABBE4943DA
3F7DD6AD3E04C8B3
3F6C13A83EC60720
3F5123213F13A3E3
3F33D45A3F363390
3F17BE153F4E2E18
3EFCFFB63F5E8FE6
3ED1412E3F69A4A6
3EAC2E9E3F711703
3E8D325F3F7612A9
3E670E5A3F7965DE
3E3CC5733F7B9CCB
3E1A12D63F7D15EB
3DFB57FA3F7E1095
3DCCEC413F7EB71A
3DA7071E3F7F25AE
3D881D573F7F6F19
3D5DD1503F7F9FD4
3D34B9E93F7FC02D
3D133D203F7FD5A5
3CEFE7643F7FE3E4
3CC370713F7FED59
3C9F36973F7FF39F
3C81B35B3F7FF7C9
3C5350CF3F7FFA8C
3C2C249B3F7FFC62
3C0C3B443F7FFD99
3BE478903F7FFE68
3BBA1DEC3F7FFEF1
3B979D423F7FFF4C
3B7703F93F7FFF89
3B4939283F7FFFB1
3B23EB873F7FFFCC
3B0588393F7FFFDD
3AD98E213F7FFFE9
3AB139673F7FFFF1
3A905EB43F7FFFF6
3A6B36653F7FFFF9
3A3F9BB03F7FFFFC
3A1C165A3F7FFFFD
39FE4D863F7FFFFE
39CF28D33F7FFFFF
39A8C1743F7FFFFF
398978A63F7FFFFF
395FF9133F800000
3D10FDD03F7FD6ED
3F0A36ADBF577BB3
3F7635CDBE8C3C80
BEDD6DADBF66D231
3F5E75DC3EFD5B43
3E1B62F53F7D0913
3F0D00653F55AB57
3F5D1664BF010F36
BF7A2F38BE590665
3F78EE263E6EFD10
BF7246D83EA5625A
3E4B171FBF7AEA24
3F716D643EAA47C8
BE2489DC3F7CAC70
BF7669B83E8ACDE1
BF4BCE08BF1AEB05
BE2AF59FBF7C6833
3EDCBE42BF66FC2F
3F4F908EBF15D7CC
3F79EE8DBE5DA20D
3F7E5A7E3DE7E757
3F6D64183EBFA3F5
3F52BF3F3F11553F
3F3574113F349591
3F193DF83F4D1166
3EFFA3863F5DCE83
3ED383783F692254
3EAE14E63F70BFA5
3E8EC6CB3F75D84B
3E69AA423F793EF6
3E3EEA6D3F7B82E7
3E1BD4B13F7D04B4
3DFE37C33F7E0525
3DCF45313F7EAF81
3DA8F17D3F7F20A3
3D89AD423F7F6BBF
3D605D5E3F7F9D9B
3D36CD5A3F7FBEB3
3D14EE313F7FD4AA
3CF2A91C3F7FE33E
3CC5AF6B3F7FECEA
3CA10B053F7FF356
3C8330F83F7FF798
3C55BE933F7FFA6C
3C2E1F1F3F7FFC4D
3C0DD7E43F7FFD8B
3BE718D53F7FFE5F
3BBC41923F7FFEEB
3B995B623F7FFF48
3B79DAD23F7FFF86
3B4B89423F7FFFAF
3B25CDDD3F7FFFCA
3B0711253F7FFFDC
3ADC0E4A3F7FFFE8
3AB342E43F7FFFF0
3A9207843F7FFFF6
3A6DEA843F7FFFF9
3A41CF803F7FFFFB
3A1DE1A43F7FFFFD
3A009CE83F7FFFFE
39D18A653F7FFFFF
39AAB2053F7FFFFF
398B0D293F7FFFFF
39628C1F3F800000
3F5C2D823F029AF6
BE77AF5BBF7865FD
3F16C4F7BF4EE488
BF55B744BF0CEE51
3F7F3C663D9E1CF0
3EFA6BF93F5F4A22
3F4494333F23FD74
3F386B36BF318E08
BF7FF35EBCA0D797
3F7F3AD83D9EBD0F
BF65A94C3EE2335B
3DC1E835BF7ED997
3F77CF363E8079C0
BDBBC6503F7EEBF5
BF7216253EA67EA5
BF52BC9EBF11590F
BE50CC39BF7A9F25
3ECE7D57BF6A41E2
3F4BC2D3BF1AF9C2
3F78C0FEBE71E8CD
3F7ECC743DC62CFF
3F6EA9793EB937DC
3F5454D93F0F021D
3F37100F3F32F3DF
3F1ABBC43F4BF1EA
3F0122833F5D0B1F
3ED5C47D3F689E9C
3EAFFA7D3F706753
3E905AD63F759D48
3E6C45C13F79179F
3E410F2E3F7B68B7
3E1D966C3F7CF34B
3E008BB53F7DF993
3DD19E0E3F7EA7D2
3DAADBD33F7F1B89
3D8B3D293F7F685C
3D62E9673F7F9B5C
3D38E0C83F7FBD35
3D169F3F3F7FD3AD
3CF56AD23F7FE296
3CC7EE633F7FEC7B
3CA2DF733F7FF30C
3C84AE953F7FF767
3C582C583F7FFA4C
3C3019A33F7FFC37
3C0F74843F7FFD7D
3BE9B91B3F7FFE55
3BBE65373F7FFEE5
3B9B19833F7FFF44
3B7CB1AB3F7FFF83
3B4DD95D3F7FFFAD
3B27B0343F7FFFC9
3B089A113F7FFFDC
3ADE8E743F7FFFE8
3AB54C613F7FFFF0
3A93B0543F7FFFF5
3A709EA23F7FFFF9
3A4403503F7FFFFB
3A1FACEF3F7FFFFD
3A02130E3F7FFFFE
39D3EBF83F7FFFFF
39ACA2973F7FFFFF
398CA1AC3F7FFFFF
39651F2B3F800000
3F64DCF7BEE569E8
BF5F300EBEFAC8E4
BD0AA08ABF7FDA75
BF7FC51DBD2D99D0
3F6F4F65BEB5D7A3
3F43A2573F251DB1
3F6B7CF53EC8CFD4
3F095933BF580921
BF7C1F273E319173
3F7F2C5FBDA47404
BF553F733F0DA35B
BC23F6C9BF7FFCB8
3F7C62AB3E2B7805
BCB641733F7FEFC7
BF6CFB9A3EC1A691
BF593840BF0777D1
BE76573DBF787B5F
3EC00AD0BF6D4F4F
3F47D49CBF200304
3F77791EBE830AFB
3F7F2C863DA464BD
3F6FE3BC3EB2C322
3F55E3E33F0CAA8F
3F38A84B3F314E80
3F1C37763F4ACFA7
3F0272183F5C45BB
3ED8043A3F68197E
3EB1DF613F700E0B
3E91EE803F75619E
3E6EE0D63F78EFD8
3E4333B53F7B4E3D
3E1F58093F7CE1AF
3E01FB783F7DEDE0
3DD3F6DA3F7EA00C
3DACC61F3F7F1660
3D8CCD0A3F7F64EF
3D6575693F7F9916
3D3AF4323F7FBBB3
3D18504D3F7FD2AC
3CF82C873F7FE1EB
3CCA2D5B3F7FEC0A
3CA4B3DF3F7FF2C1
3C862C323F7FF736
3C5A9A1B3F7FFA2B
3C3214273F7FFC21
3C1111243F7FFD6E
3BEC59603F7FFE4C
3BC088DD3F7FFEDE
3B9CD7A33F7FFF40
3B7F88843F7FFF80
3B5029773F7FFFAB
3B29928B3F7FFFC8
3B0A22FD3F7FFFDB
3AE10E9D3F7FFFE7
3AB755DD3F7FFFF0
3A9559243F7FFFF5
3A7352C13F7FFFF9
3A4637203F7FFFFB
3A2178393F7FFFFD
3A0389343F7FFFFE
39D64D8A3F7FFFFF
39AE93283F7FFFFF
398E36303F7FFFFF
3967B2373F800000
3DD90FFBBF7E8EDE
BF745B9D3E98A57E
BF246B9BBF44381A
BF60E22C3EF4A66C
3F31B8C8BF384204
3F71268B3EABD784
3F7E6E173DE2774B
3EA51004BF7254E1
BF6ED7533EB84ADD
3F78C316BE71C653
BF414ECB3F27D564
BDEAAC4CBF7E5055
3F7F1F3B3DA9793D
3D41BC063F7FB6A7
BF671E473EDC2F53
BF5F3D66BEFA995C
BE8DC48ABF75FDA6
3EB16A27BF7023BA
3F43C68ABF24F2C3
3F76170FBE8D13B2
3F7F7AAE3D8290F1
3F7112D23EAC4615
3F576C4F3F0A4EA8
3F3A3CBE3F2FA57E
3F1DB1063F49AAA2
3F03C0803F5B7E5A
3EDA42AB3F6792FD
3EB3C3903F6FB3D0
3E9381C73F75254E
3E717B803F78C7A1
3E4558033F7B3378
3E2119863F7CCFE2
3E036B2A3F7DE20C
3DD64F933F7E9831
3DAEB0613F7F1128
3D8E5CE53F7F6179
3D6801663F7F96C9
3D3D079A3F7FBA2C
3D1A01583F7FD1A9
3CFAEE393F7FE13F
3CCC6C513F7FEB98
3CA6884C3F7FF275
3C87A9CF3F7FF703
3C5D07DF3F7FFA09
3C340EAB3F7FFC0B
3C12ADC43F7FFD60
3BEEF9A53F7FFE42
3BC2AC833F7FFED8
3B9E95C33F7FFF3C
3B812FAE3F7FFF7E
3B5279913F7FFFA9
3B2B74E13F7FFFC7
3B0BABE93F7FFFDA
3AE38EC63F7FFFE7
3AB95F5A3F7FFFEF
3A9701F43F7FFFF5
3A7606DF3F7FFFF9
3A486AF03F7FFFFB
3A2343843F7FFFFD
3A04FF593F7FFFFE
39D8AF1D3F7FFFFF
39B083BA3F7FFFFF
398FCAB33F7FFFFF
396A45433F800000
BF478B17BF205EAA
BEE049403F662158
BF7A63BFBE553496
BF01DD5A3F5C9D8D
3EA471EEBF726FBF
3F7FF720BC86D0CA
3F7BCC6EBE38C242
3DB87928BF7EF599
BF589B553F08722C
3F6C27DEBEC5A6A0
BF2A2BBE3F3F40E1
BE5F2312BF79D923
3F7FFFC9BB273892
3DEED46D3F7E40DA
BF6082FF3EF6031D
BF64C8C7BEE5BA64
BEA02A24BF7326E0
3EA29EE0BF72BE75
3F3F9942BF29C836
3F749AF8BE970D7C
3F7FB6E73D4167F3
3F7236AC3EA5C100
3F58EE133F07EE7A
3F3BCD5E3F2DF8E2
3F1F28723F4882DD
3F050DB73F5AB4FD
3EDC7FCD3F670B18
3EB5A7073F6F58A0
3E9514AA3F74E859
3E7415BD3F789EFB
3E477C153F7B1868
3E22DAE43F7CBDE3
3E04DACB3F7DD616
3DD8A8393F7E903F
3DB09A983F7F0BE2
3D8FECBB3F7F5DF8
3D6A8D5D3F7F9476
3D3F1AFE3F7FB8A1
3D1BB2623F7FD0A3
3CFDAFEA3F7FE091
3CCEAB473F7FEB24
3CA85CB83F7FF228
3C89276B3F7FF6D0
3C5F75A23F7FF9E7
3C36092E3F7FFBF4
3C144A633F7FFD51
3BF199EA3F7FFE38
3BC4D0293F7FFED1
3BA053E33F7FFF37
3B829B1A3F7FFF7B
3B54C9AC3F7FFFA8
3B2D57383F7FFFC5
3B0D34D53F7FFFD9
3AE60EF03F7FFFE6
3ABB68D73F7FFFEF
3A98AAC43F7FFFF5
3A78BAFE3F7FFFF8
3A4A9EC03F7FFFFB
3A250ECF3F7FFFFD
3A06757F3F7FFFFE
39DB10B03F7FFFFF
39B2744B3F7FFFFF
39915F373F7FFFFF
396CD84F3F800000
BF72C29E3EA28604
3EB4EDE43F6F7BAC
BF6615473EE07AC1
3C0C18F23F7FFD9B
BDE7B979BF7E5B26
3F6E313CBEBB9EFF
3F63D119BEE98AD9
BE16DAAFBF7D34F1
BF3A40913F2FA170
3F59AB16BF06BF01
BF1038403F5382AD
BEA33E67BF72A3AE
3F7F02B4BDB3E306
3E3DD18A3F7B9030
BF592F2F3F078659
BF69D75DBED05E1D
BEB255C4BF6FF815
3E93AC87BF751EDF
3F3B4D6EBF2E8298
3F7304FFBEA0F74B
3F7FE12B3CFB40E3
3F734F3E3E9F3433
3F5A69223F058A18
3F3D5A243F2C48B4
3F209DB23F47585E
3F0659BA3F59E9A7
3EDEBB9D3F6681D1
3EB789C63F6EFC7C
3E96A7293F74AABE
3E76AF8D3F7875E5
3E499FEC3F7AFD0D
3E249C213F7CABB2
3E064A5B3F7DC9FF
3DDB00CC3F7E8837
3DB284C63F7F068D
3D917C8C3F7F5A6E
3D6D194E3F7F921C
3D412E5F3F7FB712
3D1D636A3F7FCF9A
3D0038CC3F7FDFE2
3CD0EA3B3F7FEAAF
3CAA31233F7FF1DB
3C8AA5073F7FF69D
3C61E3653F7FF9C5
3C3803B23F7FFBDE
3C15E7033F7FFD42
3BF43A2F3F7FFE2E
3BC6F3CF3F7FFECB
3BA212033F7FFF33
3B8406873F7FFF78
3B5719C63F7FFFA6
3B2F398E3F7FFFC4
3B0EBDC13F7FFFD8
3AE88F193F7FFFE6
3ABD72533F7FFFEE
3A9A53943F7FFFF4
3A7B6F1C3F7FFFF8
3A4CD28F3F7FFFFB
3A26DA193F7FFFFD
3A07EBA43F7FFFFE
39DD72423F7FFFFF
39B464DD3F7FFFFF
3992F3BA3F7FFFFF
396F6B5B3F800000
BE7B23563F782E7D
3F6C49813EC50595
BEE03D4C3F662442
3F059E523F5A5CC3
BF06A073BF59BDFD
3F3E1823BF2B76FB
3F3884A8BF317396
BEC0B7E1BF6D2C3A
BF14EA553F503B2D
3F41C299BF274FA5
BEE7C45F3F644504
BED52070BF68C43A
3F7C29D3BE309E53
3E81A6E63F77A7FD
BF5128DE3F139BC1
BF6E6664BEBA902D
BEC440D5BF6C726C
3E8496B5BF774466
3F36E3BEBF332129
3F715551BEAAD013
3F7FF9793C674077
3F745C793E989FFA
3F5BDD703F032195
3F3EE3083F2A94FD
3F2210C33F462B27
3F07A4873F591C58
3EE0F6173F65F727
3EB96BCA3F6E9F65
3E9839413F746C7E
3E7948EF3F784C60
3E4BC3883F7AE168
3E265D3D3F7C994F
3E07B9D83F7DBDC7
3DDD594D3F7E801A
3DB46EE93F7F0129
3D930C573F7F56DA
3D6FA5393F7F8FBC
3D4341BD3F7FB57F
3D1F14703F7FCE8E
3D0199A33F7FDF30
3CD3292F3F7FEA39
3CAC058E3F7FF18D
3C8C22A33F7FF669
3C6451273F7FF9A3
3C39FE353F7FFBC7
3C1783A23F7FFD33
3BF6DA743F7FFE24
3BC917743F7FFEC4
3BA3D0243F7FFF2E
3B8571F33F7FFF75
3B5969E13F7FFFA4
3B311BE53F7FFFC3
3B1046AD3F7FFFD7
3AEB0F433F7FFFE5
3ABF7BD03F7FFFEE
3A9BFC643F7FFFF4
3A7E233B3F7FFFF8
3A4F065F3F7FFFFB
3A28A5643F7FFFFD
3A0961CA3F7FFFFE
39DFD3D53F7FFFFE
39B6556E3F7FFFFF
3994883D3F7FFFFF
3971FE673F800000
3F2EEA3D3F3AECA8
3F69CA6CBED09829
3E55BA543F7A5C9E
3F62F1483EECEC3C
BF569995BF0B94C0
3EEB96E5BF634A0D
3EFB25F0BF5F15E4
BF1591E0BF4FC2F6
BED3FDEB3F690684
3F2506D4BF43B5A0
BEAB43083F7140F2
BF0255B7BF5C5687
3F777A77BE8300CD
3EA3C4773F728D18
BF4876A43F1F37D6
BF727362BEA45C79
BED5E4DBBF68972B
3E6AC210BF792E87
3F325CE6BF37A32A
3F6F8C1BBEB496C9
3F7FFFCEBB204452
3F755E533E9204A6
3F5D4AF23F00B504
3F4068013F28DDC6
3F23819F3F44FB3E
3F08EE193F584D13
3EE32F383F656B1D
3EBB4D103F6E415A
3E99CAF33F742D98
3E7BE1E03F78226B
3E4DE6E63F7AC578
3E281E393F7C86BA
3E0929443F7DB16D
3DDFB1BA3F7E77E5
3DB659023F7EFBB6
3D949C1C3F7F533C
3D72311D3F7F8D56
3D4555183F7FB3E7
3D20C5743F7FCD7F
3D02FA783F7FDE7C
3CD568213F7FE9C2
3CADD9F83F7FF13E
3C8DA03E3F7FF635
3C66BEEA3F7FF980
3C3BF8B83F7FFBB0
3C1920423F7FFD23
3BF97AB93F7FFE1A
3BCB3B1A3F7FFEBD
3BA58E443F7FFF2A
3B86DD5F3F7FFF72
3B5BB9FB3F7FFFA2
3B32FE3B3F7FFFC1
3B11CF983F7FFFD6
3AED8F6C3F7FFFE4
3AC1854D3F7FFFEE
3A9DA5343F7FFFF4
3A806BAD3F7FFFF8
3A513A2F3F7FFFFB
3A2A70AE3F7FFFFC
3A0AD7EF3F7FFFFE
39E235673F7FFFFE
39B846003F7FFFFF
39961CC13F7FFFFF
397491733F800000
3F7BCC68BE38C2C2
3EA915B8BF71A325
3F444E0D3F245166
3F7F8C09BD738F04
BF7DA020BE0B2582
3DF3FC92BF7E2D44
3E5FEE01BF79CDCA
BF42582ABF26A1D2
BE6C695C3F791582
3F042EF7BF5B3BE6
BE57D9433F7A3F80
BF18ACDFBF4D7D84
3F70FD5CBEACBE05
3EC517393F6C45D3
BF3F1FA73F2A510F
BF75FC1FBE8DCF1E
BEE73B73BF6467B8
3E4C1E51BF7ADCCB
3F2DB99FBF3C07E5
3F6DA98DBEBE4A63
3F7FF42ABC9BAFE8
3F7654BD3E8B6284
3F5EB19C3EFC88F2
3F41E9083F272318
3F24F0413F43C8A7
3F0A366F3F577BDA
3EE566FC3F64DDB2
3EBD2D983F6DE25D
3E9B5C3D3F73EE0E
3E7E7A613F77F808
3E500A073F7AA93D
3E29DF143F7C73F3
3E0A989E3F7DA4F3
3DE20A143F7E6F9B
3DB843103F7EF635
3D962BDC3F7F4F94
3D74BCFC3F7F8AE9
3D47686F3F7FB24A
3D2276773F7FCC6E
3D045B4D3F7FDDC7
3CD7A7123F7FE94A
3CAFAE613F7FF0EE
3C8F1DDA3F7FF600
3C692CAB3F7FF95D
3C3DF33B3F7FFB98
3C1ABCE13F7FFD14
3BFC1AFD3F7FFE0F
3BCD5EBF3F7FFEB6
3BA74C643F7FFF25
3B8848CC3F7FFF6F
3B5E0A153F7FFFA0
3B34E0923F7FFFC0
3B1358843F7FFFD6
3AF00F953F7FFFE4
3AC38EC93F7FFFED
3A9F4E043F7FFFF4
3A81C5BC3F7FFFF8
3A536DFF3F7FFFFB
3A2C3BF93F7FFFFC
3A0C4E153F7FFFFE
39E496FA3F7FFFFE
39BA36913F7FFFFF
3997B1443F7FFFFF
3977247F3F800000
3EC25BF2BF6CD678
BEEB8C1FBF634CD7
3F7FDB9A3D087DE1
3F534649BF1090AA
BF7441CB3E994A71
BE72B93FBF78B44D
BD92D931BF7F5750
BF64284EBEE83557
BD1FE8273F7FCE0A
3EC018C7BF6D4C7C
BDAB35473F7F1A99
BF2D56E5BF3C62EC
3F68BE9FBED538EF
3EE575E83F64D9F5
BF352B933F34DE4B
BF78FEB0BE6DE8D2
BEF83E57BF5FE597
3E2D498ABF7C4ECB
3F28FAA5BF404EA6
3F6BADDBBEC7E9DC
3F7FD68EBD11A62C
3F773FAE3E84B9E3
3F6011643EF7A00C
3F4366143F2564FD
3F265CA43F429365
3F0B7D863F56A8AF
3EE79D603F644EE9
3EBF0D603F6D826E
3E9CED1E3F73ADDE
3E8089383F77CD34
3E522CEB3F7A8CB8
3E2B9FCD3F7C60FB
3E0C07E63F7D9857
3DE4625A3F7E673B
3DBA2D143F7EF0A5
3D97BB963F7F4BE3
3D7748D43F7F8875
3D497BC33F7FB0AA
3D2427783F7FCB59
3D05BC203F7FDD0F
3CD9E6033F7FE8D0
3CB182CA3F7FF09D
3C909B743F7FF5CA
3C6B9A6D3F7FF939
3C3FEDBE3F7FFB81
3C1C59803F7FFD04
3BFEBB423F7FFE05
3BCF82653F7FFEB0
3BA90A843F7FFF21
3B89B4383F7FFF6C
3B605A2F3F7FFF9E
3B36C2E83F7FFFBF
3B14E1703F7FFFD5
3AF28FBF3F7FFFE3
3AC598463F7FFFED
3AA0F6D43F7FFFF3
3A831FCB3F7FFFF8
3A55A1CF3F7FFFFA
3A2E07433F7FFFFC
3A0DC43A3F7FFFFE
39E6F88D3F7FFFFE
39BC27233F7FFFFF
399945C73F7FFFFF
3979B78B3F800000
BF12C928BF51BCE0
BF762999BE8C9214
3F4ED064BF16E096
3ED5805FBF68AE3F
BF3C48353F2D73EA
BF102279BF539185
BEB646B5BF6F3A44
BF791A13BE6C1C58
3E1DF4F13F7CEF9C
3E6615E7BF797438
3D3839993F7FBDAE
BF4019B5BF2936D2
3F5ECDA1BEFC2605
3F025C373F5C52AF
BF2AA2983F3ED6DF
BF7B796EBE3FB1A2
BF0473AFBF5B1268
3E0E4B21BF7D842F
3F2420BCBF4476BF
3F699939BED1742F
3F7FA6FCBD556A2A
3F781F1A3E7C1627
3F616A3F3EF2AF7F
3F44DF1D3F23A37C
3F27C6C33F415B7D
3F0CC3593F55D393
3EE9D2613F63BEC1
3EC0EC653F6D218D
3E9E7D953F736D0A
3E81D5053F77A1F2
3E544F8F3F7A6FE8
3E2D60643F7C4DD0
3E0D771C3F7D8B99
3DE6BA8C3F7E5EC5
3DBC170D3F7EEB06
3D994B4A3F7F4828
3D79D4A73F7F85FB
3D4B8F133F7FAF05
3D25D8773F7FCA42
3D071CF33F7FDC56
3CDC24F23F7FE855
3CB357333F7FF04B
3C92190F3F7FF594
3C6E082E3F7FF915
3C41E8403F7FFB69
3C1DF61F3F7FFCF4
3C00ADC33F7FFDFB
3BD1A60A3F7FFEA9
3BAAC8A43F7FFF1C
3B8B1FA43F7FFF69
3B62AA4A3F7FFF9C
3B38A53F3F7FFFBD
3B166A5C3F7FFFD4
3AF50FE83F7FFFE3
3AC7A1C33F7FFFED
3AA29FA43F7FFFF3
3A8479DA3F7FFFF7
3A57D59F3F7FFFFA
3A2FD28E3F7FFFFC
3A0F3A603F7FFFFD
39E95A1F3F7FFFFE
39BE17B43F7FFFFF
399ADA4B3F7FFFFF
397C4A973F800000
BF7FCC053D231B38
BF5C089A3F02D91B
3E8BFABDBF763F28
BDE1BB00BF7E70B4
BEC0C32A3F6D29EF
BF513CF8BF137F42
BF1C3144BF4AD46C
BF7FFF0D3BB06664
3EAEFC013F7095BF
3D8C7EC5BF7F659C
3E30F4743F7C260D
BF50C094BF142F1B
3F533CEFBF109E54
3F115C0A3F52BA90
BF1F8D5E3F483298
BF7D6B01BE1111E2
BF0C9840BF55EFEC
3DDE5513BF7E7CAC
3F1F2CA8BF487F85
3F676BE1BEDAE859
3F7F6577BD8C8F96
3F78F2F73E6EACCA
3F62BC213EEDB771
3F46541D3F21DEA1
3F292E9A3F4020F3
3F0E07E83F54FC88
3EEC05FA3F632D3B
3EC2CAA53F6CBFBA
3EA00DA13F732B92
3E8320993F777641
3E5671F53F7A52CE
3E2F20D93F7C3A74
3E0EE63F3F7D7EBB
3DE912AA3F7E5638
3DBE00FB3F7EE559
3D9ADAF83F7F4463
3D7C60723F7F837B
3D4DA2603F7FAD5C
3D2789743F7FC928
3D087DC43F7FDB9A
3CDE63E03F7FE7D9
3CB52B9B3F7FEFF9
3C9396A93F7FF55D
3C7075EF3F7FF8F1
3C43E2C23F7FFB51
3C1F92BE3F7FFCE4
3C01FDE53F7FFDF0
3BD3C9AF3F7FFEA2
3BAC86C43F7FFF17
3B8C8B103F7FFF66
3B64FA643F7FFF9A
3B3A87953F7FFFBC
3B17F3483F7FFFD3
3AF790113F7FFFE2
3AC9AB3F3F7FFFEC
3AA448743F7FFFF3
3A85D3EA3F7FFFF7
3A5A096F3F7FFFFA
3A319DD93F7FFFFC
3A10B0853F7FFFFD
39EBBBB23F7FFFFE
39C008463F7FFFFF
399C6ECE3F7FFFFF
397EDDA33F800000
BF01A12E3F5CC0EE
BE5F27273F79D8E9
BEC11510BF6D1947
BF1B22F8BF4BA374
3D5E8FC93F7F9F2F
BF77B3EFBE814B7D
BF5000C9BF153BDA
BF7873AF3E76D326
3F04371B3F5B36FD
BDB6ADF9BF7EFAC3
3E9876AC3F7462EB
BF5F1CB2BEFB0DC2
3F46221DBF221BD1
3F1FA7DA3F481D7A
BF13F5003F50E9C6
BF7ED258BDC44600
BF1489ECBF507FFE
3D9FDE7BBF7F3806
3F1A1F33BF4C6855
3F65260DBEE4455A
3F7F1203BDAE6039
3F79BB3A3E61384D
3F6407013EE8B80A
3F47C50B3F201673
3F2A94223F3EE3CB
3F0F4B2D3F542391
3EEE38293F629A59
3EC4A81F3F6C5CF7
3EA19D403F72E975
3E846BF13F774A21
3E58941B3F7A3569
3E30E12B3F7C26E6
3E10554F3F7D71BB
3DEB6AB43F7E4D95
3DBFEADE3F7EDF9D
3D9C6AA13F7F4094
3D7EEC383F7F80F4
3D4FB5A93F7FABAE
3D293A6F3F7FC80B
3D09DE953F7FDADD
3CE0A2CD3F7FE75B
3CB700023F7FEFA5
3C9514433F7FF526
3C72E3B03F7FF8CC
3C45DD453F7FFB39
3C212F5D3F7FFCD4
3C034E073F7FFDE5
3BD5ED553F7FFE9A
3BAE44E43F7FFF13
3B8DF67C3F7FFF63
3B674A7E3F7FFF98
3B3C69EC3F7FFFBB
3B197C343F7FFFD2
3AFA103B3F7FFFE1
3ACBB4BC3F7FFFEC
3AA5F1443F7FFFF3
3A872DF93F7FFFF7
3A5C3D3F3F7FFFFA
3A3369233F7FFFFC
3A1226AB3F7FFFFD
39EE1D443F7FFFFE
39C1F8D73F7FFFFF
399E03523F7FFFFF
3980B8573F7FFFFF
3EE76FED3F645A6E
3F0F79CA3F54040D
BF5E188EBEFEA1E0
BF6DD0A3BEBD86AC
3EF3182C3F614E0B
BF7EA1B83DD3762B
BF722D48BEA5F7DD
BF62E4EA3EED1B98
3F2BFB563F3DA06C
BE7AA709BF783658
3ED5EDA53F689526
BF6B05B4BECAFBA9
3F37959EBF326AD8
3F2D2DF23F3C8892
BF07E3063F58F53F
BF7FAEB0BD4BFA59
BF1C45D2BF4AC497
3D4282F6BF7FB610
3F14F92DBF50308F
3F62C7FBBEED8A35
3F7EACA8BDD0249E
3F7A77DB3E53B953
3F654AD43EE3B170
3F4931E03F1E4AFC
3F2BF7593F3DA40A
3F108D273F5348AF
3EF068EB3F62061B
3EC684D03F6BF942
3EA32C723F72A6B3
3E85B70E3F771D91
3E5AB6003F7A17B9
3E32A15B3F7C1326
3E11C44C3F7D649A
3DEDC2A93F7E44DC
3DC1D4B63F7ED9D2
3D9DFA433F7F3CBC
3D80BBFB3F7F7E66
3D51C8EF3F7FA9FD
3D2AEB683F7FC6EB
3D0B3F643F7FDA1E
3CE2E1B93F7FE6DC
3CB8D4693F7FEF51
3C9691DD3F7FF4EE
3C7551703F7FF8A7
3C47D7C73F7FFB20
3C22CBFC3F7FFCC4
3C049E293F7FFDDA
3BD810FA3F7FFE93
3BB003043F7FFF0E
3B8F61E93F7FFF5F
3B699A983F7FFF95
3B3E4C423F7FFFB9
3B1B05203F7FFFD1
3AFC90643F7FFFE1
3ACDBE393F7FFFEB
3AA79A143F7FFFF2
3A8888083F7FFFF7
3A5E710F3F7FFFFA
3A35346E3F7FFFFC
3A139CD03F7FFFFD
39F07ED73F7FFFFE
39C3E9693F7FFFFF
399F97D53F7FFFFF
398201DD3F7FFFFF
3F7EACF83DD00C2A
3F7CADDA3E24671E
BF7D62483E1204CF
BF7CAC573E248C44
3F4DFDF43F17FF68
BF6524803EE44B93
BF7FD0F5BD1B2B75
BF408A023F28B700
3F4D4D0E3F18EE02
BEC9DC8DBF6B437E
3F07ED763F58EEB5
BF745A20BE98AF08
3F27B297BF416CFC
3F39DD933F300A2F
BEF6C2BB3F604E66
BF7FFF90BB6F96E7
BF23C927BF44BFC8
3C8A3478BF7FF6AC
3F0FBB67BF53D798
3F6051EBBEF6B5EE
3F7E356BBDF1DA66
3F7B28D13E46307B
3F6687913EDEA3CD
3F4A9A943F1C7C46
3F2D58383F3C61B5
3F11CDD33F526BE5
3EF2983C3F617081
3EC860B83F6B949D
3EA4BB363F72634E
3E8701F03F76F093
3E5CD7A43F79F9C0
3E3461673F7BFF34
3E1333363F7D5758
3DF01A8A3F7E3C0E
3DC3BE833F7ED3F9
3D9F89DF3F7F38D9
3D8201D73F7F7BD2
3D53DC323F7FA847
3D2C9C603F7FC5C8
3D0CA0333F7FD95D
3CE520A43F7FE65C
3CBAA8CF3F7FEEFC
3C980F763F7FF4B5
3C77BF303F7FF882
3C49D2483F7FFB07
3C24689A3F7FFCB3
3C05EE4B3F7FFDCF
3BDA349F3F7FFE8C
3BB1C1233F7FFF09
3B90CD553F7FFF5C
3B6BEAB33F7FFF93
3B402E993F7FFFB8
3B1C8E0B3F7FFFD0
3AFF108E3F7FFFE0
3ACFC7B53F7FFFEB
3AA942E33F7FFFF2
3A89E2183F7FFFF7
3A60A4DF3F7FFFFA
3A36FFB83F7FFFFC
3A1512F63F7FFFFD
39F2E06A3F7FFFFE
39C5D9FA3F7FFFFF
39A12C583F7FFFFF
39834B633F7FFFFF
3F1F7C2FBF484049
3F4B4634BF1B9D14
BF31200E3F38D4D9
BF4379573F254E37
3F7B21B43E46C079
BF2E7B063F3B547B
BF77C3C13E80D206
BF1353053F515C20
3F66EC803EDCFFDB
BF08AF53BF5874C4
3F22A4A33F45B1DC
BF7AFFBCBE496A7D
3F1696AEBF4F063B
3F45A7083F22B1CB
BEDCF4983F66EF31
BF7FC4CD3D2E0FA7
BF2B1131BF3E73C1
BC617C60BF7FF9CB
3F0A66B7BF575CDB
3F5DC420BEFFC78E
3F7DAC56BE09BF9A
3F7BCE133E389E68
3F67BD2D3ED98F47
3F4BFF203F1AAA5A
3F2EB6BA3F3B1CCE
3F130D2E3F518D34
3EF4C6183F60D98E
3ECA3BD33F6B2F09
3EA6498B3F721F45
3E884C943F76C327
3E5EF9073F79DB7B
3E36214F3F7BEB10
3E14A20D3F7D49F5
3DF272553F7E3328
3DC5A8443F7ECE10
3DA119763F7F34ED
3D8347B03F7F7938
3D55EF713F7FA68C
3D2E4D553F7FC4A3
3D0E01003F7FD89A
3CE75F8E3F7FE5DB
3CBC7D343F7FEEA6
3C998D0F3F7FF47D
3C7A2CEF3F7FF85C
3C4BCCCA3F7FFAEE
3C2605393F7FFCA3
3C073E6D3F7FFDC4
3BDC58443F7FFE85
3BB37F433F7FFF04
3B9238C13F7FFF59
3B6E3ACD3F7FFF91
3B4210EF3F7FFFB6
3B1E16F73F7FFFCF
3B00C85B3F7FFFE0
3AD1D1323F7FFFEB
3AAAEBB33F7FFFF2
3A8B3C273F7FFFF7
3A62D8AF3F7FFFFA
3A38CB033F7FFFFC
3A16891C3F7FFFFD
39F541FC3F7FFFFE
39C7CA8C3F7FFFFF
39A2C0DC3F7FFFFF
398494E93F7FFFFF
BEA4ABB1BF7265F1
3DD22ECBBF7EA5F5
BDCD7F543F7EB540
BEA50F123F72550B
3F785A64BE786921
BEC335B03F6CA9AF
BF5AB4703F050E9E
BEBB999F3F6E324B
3F77E3C43E7FB583
BF2908F8BF404210
3F3AAB3D3F2F300B
BF7EE3D9BDBE8194
3F0461CDBF5B1D37
3F507BB83F148FEC
BEC270DA3F6CD22E
BF7EFE863DB55CE5
BF321B4FBF37E2C8
BD35CAE1BF7FBF6C
3F04FBF6BF5ABFC9
3F5B1EDFBF045F0F
3F7D1171BE1A8854
3F7C679A3E2B03BB
3F68EB9E3ED47408
3F4D5F7C3F18D541
3F3012DC3F39D55B
3F144B343F50AC9E
3EF6F27D3F604142
3ECC16203F6AC884
3EA7D76F3F71DA99
3E8996FC3F76954B
3E611A273F79BCED
3E37E1143F7BD6BB
3E1610D13F7D3C71
3DF4CA0C3F7E2A2D
3DC791FA3F7EC819
3DA2A9063F7F30F8
3D848D863F7F7697
3D5802AC3F7FA4CE
3D2FFE493F7FC37A
3D0F61CC3F7FD7D6
3CE99E763F7FE558
3CBE51993F7FEE50
3C9B0AA73F7FF443
3C7C9AAE3F7FF836
3C4DC74B3F7FFAD5
3C27A1D73F7FFC92
3C088E8F3F7FFDB9
3BDE7BE93F7FFE7D
3BB53D633F7FFEFF
3B93A42D3F7FFF56
3B708AE73F7FFF8F
3B43F3463F7FFFB5
3B1F9FE33F7FFFCE
3B0208703F7FFFDF
3AD3DAAF3F7FFFEA
3AAC94833F7FFFF1
3A8C96363F7FFFF6
3A650C7F3F7FFFFA
3A3A964D3F7FFFFC
3A17FF413F7FFFFD
39F7A38F3F7FFFFE
39C9BB1D3F7FFFFF
39A4555F3F7FFFFF
3985DE6F3F7FFFFF
BF787500BE76BDF8
BF27385CBF41D6B1
3F08A7503F5879D3
3E57CDB83F7A401F
3F462FBFBF220B25
BD04D81C3F7FDD86
BF2B19CE3F3E6C05
BE0BF0E23F7D9922
3F7F90083D6F5515
BF452CF6BF2345A7
3F4F9B8F3F15C88C
BF7FFB883C3F4A49
3EE26BD9BF659B61
3F5A4E383F05B612
BEA74D4C3F71F285
BF7DAD273E09A785
BF38E4F3BF310F3F
BD99857FBF7F479C
3EFEF805BF5DFFD7
3F58626FBF08CC56
3F7C64C8BE2B4636
3F7CF55E3E1D6116
3F6A12DC3ECF5237
3F4EBBA23F16FD06
3F316C983F388B61
3F1587E43F4FCA26
3EF91D673F5FA79E
3ECDEF9E3F6A6111
3EA964E23F719548
3E8AE1253F766701
3E633B043F799E14
3E39A0B43F7BC234
3E177F803F7D2ECB
3DF721AD3F7E211C
3DC97BA53F7EC214
3DA4388F3F7F2CF8
3D85D3583F7F73EF
3D5A15E43F7FA30A
3D31AF3A3F7FC24F
3D10C2983F7FD70F
3CEBDD5E3F7FE4D5
3CC025FD3F7FEDF8
3C9C88403F7FF409
3C7F086D3F7FF80F
3C4FC1CC3F7FFABB
3C293E753F7FFC81
3C09DEB13F7FFDAE
3BE09F8E3F7FFE76
3BB6FB833F7FFEFA
3B950F993F7FFF52
3B72DB013F7FFF8D
3B45D59C3F7FFFB4
3B2128CF3F7FFFCD
3B0348853F7FFFDE
3AD5E42B3F7FFFEA
3AAE3D533F7FFFF1
3A8DF0453F7FFFF6
3A67404F3F7FFFF9
3A3C61983F7FFFFC
3A1975673F7FFFFD
39FA05213F7FFFFE
39CBABAF3F7FFFFF
39A5E9E23F7FFFFF
398727F53F7FFFFF
BF3A26033F2FBD95
BF7FBF7FBD35AF4B
3F70FE2A3EACB984
3F2F0BA53F3ACD5F
3EDC6884BF6710A6
3EA41CDF3F727E27
BED9FA553F67A405
3DCE6C313F7EB242
3F7DA7A8BE0A4930
BF5C67E5BF023856
3F611CF13EF3CDDB
BF7E43B73DEE10F1
3EBA6DA4BF6E6D25
3F63125F3EEC6D45
BE8BA03C3F764C00
BF7BD1693E385581
BF3F6BA9BF29FB9D
BDD800ADBF7E9279
3EF3CF77BF611C82
3F558F1BBF0D2B25
3F7BA667BE3BF811
3F7D775A3E0FB71C
3F6B32DE3ECA29FD
3F50138A3F1521B2
3F32C3EA3F373EE3
3F16C33A3F4EE5CD
3EFB46D23F5F0CA2
3ECFC8493F69F8AE
3EAAF1E23F714F55
3E8C2B113F763848
3E655B9D3F797EF1
3E3B602F3F7BAD7B
3E18EE1C3F7D2104
3DF979393F7E17F5
3DCB65443F7EBBFF
3DA5C8133F7F28EF
3D8719273F7F7141
3D5C29183F7FA143
3D33602A3F7FC120
3D1223623F7FD646
3CEE1C443F7FE44F
3CC1FA613F7FEDA0
3C9E05D73F7FF3CE
3C80BB163F7FF7E8
3C51BC4D3F7FFAA1
3C2ADB143F7FFC70
3C0B2ED33F7FFDA3
3BE2C3333F7FFE6E
3BB8B9A33F7FFEF5
3B967B053F7FFF4F
3B752B1B3F7FFF8B
3B47B7F33F7FFFB2
3B22B1BB3F7FFFCC
3B0488993F7FFFDE
3AD7EDA83F7FFFE9
3AAFE6233F7FFFF1
3A8F4A553F7FFFF6
3A69741F3F7FFFF9
3A3E2CE33F7FFFFC
3A1AEB8C3F7FFFFD
39FC66B43F7FFFFE
39CD9C403F7FFFFF
39A77E663F7FFFFF
3988717B3F7FFFFF
3E3D376D3F7B9771
BF37BDC43F32417E
3F730B70BEA0D05F
3F7638763E8C29D1
3B98CE9BBF7FFF4A
3F21F7FB3F463F69
BE168B073F7D37E8
3EAA45673F716DD0
3F723CF5BEA59C42
BF6E25ADBEBBD9A6
3F6EE5483EB80270
BF79C13A3E60CDBA
3E911399BF75820F
3F6ABD523ECC499C
BE5F00D43F79DB0C
BF796C4F3E669EF0
BF45AD14BF22AA73
BE0B23FBBF7DA02E
3EE8800BBF641548
3F52A52EBF117B04
3F7AD65BBE4C9CBA
3F7DED863E020670
3F6C4B9A3EC4FB83
3F51672E3F13434F
3F3418CD3F35EFE7
3F17FD333F4DFF95
3EFD6EBC3F5E7050
3ED1A0213F698F5E
3EAC7E6F3F7108BF
3E8D74BD3F760921
3E677BF23F795F83
3E3D1F863F7B9891
3E1A5CA43F7D131C
3DFBD0AF3F7E0EB7
3DCD4ED73F7EB5DC
3DA757903F7F24DB
3D885EF23F7F6E8D
3D5E3C483F7F9F77
3D3511173F7FBFEF
3D13842B3F7FD57C
3CF05B293F7FE3C9
3CC3CEC33F7FED47
3C9F836F3F7FF393
3C81F1F53F7FF7C1
3C53B6CE3F7FFA87
3C2C77B23F7FFC5E
3C0C7EF43F7FFD97
3BE4E6D83F7FFE67
3BBA77C23F7FFEF0
3B97E6713F7FFF4C
3B777B353F7FFF88
3B499A493F7FFFB1
3B243AA73F7FFFCB
3B05C8AE3F7FFFDD
3AD9F7253F7FFFE9
3AB18EF33F7FFFF1
3A90A4643F7FFFF6
3A6BA7EF3F7FFFF9
3A3FF82D3F7FFFFC
3A1C61B23F7FFFFD
39FEC8473F7FFFFE
39CF8CD23F7FFFFF
39A912E93F7FFFFF
3989BB013F7FFFFF
3F6D43FA3EC042CB
3C6677253F7FF984
3F0DF030BF550C58
3F772DA8BE853FE8
BED816B0BF681533
3F5D429C3F00C358
3E13A2603F7D534D
3F0BAA9A3F568B5D
3F5DBD7EBEFFDE8F
BF79F532BE5D2A0B
3F78BA3A3E7257FC
BF7280BE3EA40D8F
3E4D55BFBF7ACCE8
3F7145923EAB28F5
BE2609E63F7C9CBC
BF767F283E8A354A
BF4BA6F0BF1B1E66
BE2A2633BF7C70F5
3EDD0B8FBF66E9B3
3F4FA4F9BF15BB7E
3F79F4B3BE5D3306
3F7E57DE3DE89F6A
3F6D5D083EBFC6F2
3F52B6853F1161E6
3F356B3C3F349E71
3F1935CC3F4D1781
3EFF95203F5DD2A9
3ED377243F692520
3EAE0A873F70C185
3E8EBE2B3F75D98C
3E699C033F793FCC
3E3EDEB73F7B8375
3E1BCB183F7D0513
3DFE28103F7E0564
3DCF385E3F7EAFAB
3DA8E7073F7F20BF
3D89A4BA3F7F6BD2
3D604F753F7F9DA8
3D36C2033F7FBEBB
3D14E4F33F7FD4B0
3CF29A0D3F7FE341
3CC5A3263F7FECED
3CA101063F7FF357
3C8328D33F7FF79A
3C55B14F3F7FFA6D
3C2E14503F7FFC4D
3C0DCF163F7FFD8C
3BE70A7D3F7FFE5F
3BBC35E23F7FFEEB
3B9951DD3F7FFF48
3B79CB503F7FFF86
3B4B7CA03F7FFFAF
3B25C3923F7FFFCA
3B0708C33F7FFFDC
3ADC00A13F7FFFE8
3AB337C33F7FFFF0
3A91FE733F7FFFF6
3A6DDBBF3F7FFFF9
3A41C3783F7FFFFB
3A1DD7D73F7FFFFD
3A0094ED3F7FFFFE
39D17D633F7FFFFF
39AAA76D3F7FFFFF
398B04873F7FFFFF
3F51160BBF13B66A
3F3CAED53F2D0441
BD9B4D4ABF7F434D
3F31A54FBF3854CA
BF44AAA5BF23E287
3F7C61E33E2B8A6A
3ED8A5933F67F3E2
3F3A51DA3F2F8F19
3F40EDFCBF2844A3
BF7F8B28BD747B36
3F7E72283DE15233
BF6896A53ED5E725
3DEE0A5FBF7E43D0
3F76A3083E893458
BDD914FE3F7E8ECD
BF730B8C3EA0CFB8
BF515713BF135A32
BE48FF8ABF7B0517
3ED173D5BF69994D
3F4C8ECDBF19EC22
3F79017EBE6DB9CA
3F7EB65C3DCD271E
3F6E671F3EBA8C73
3F54018A3F0F7D81
3F36BB323F334A85
3F1A6D033F4C2D93
3F00DCFE3F5D33AD
3ED54D4F3F68B9F4
3EAF962A3F7079A9
3E9007583F75A988
3E6BBBCD3F791FCA
3E409DC23F7B6E27
3E1D39773F7CF6E8
3E003FAD3F7DFBFA
3DD121DA3F7EA96A
3DAA76773F7F1C98
3D8AEA7E3F7F6910
3D62629D3F7F9BD3
3D3872EC3F7FBD85
3D1645BA3F7FD3E1
3CF4D8F03F7FE2B9
3CC777873F7FEC92
3CA27E9D3F7FF31B
3C845FB23F7FF772
3C57ABCF3F7FFA52
3C2FB0EE3F7FFC3B
3C0F1F383F7FFD80
3BE92E223F7FFE57
3BBDF4023F7FFEE6
3B9ABD493F7FFF45
3B7C1B6A3F7FFF84
3B4D5EF63F7FFFAE
3B274C7E3F7FFFC9
3B0848D73F7FFFDC
3ADE0A1E3F7FFFE8
3AB4E0933F7FFFF0
3A9358823F7FFFF5
3A700F8F3F7FFFF9
3A438EC23F7FFFFB
3A1F4DFD3F7FFFFD
3A01C5B63F7FFFFE
39D36DF53F7FFFFF
39AC3BF03F7FFFFF
398C4E0D3F7FFFFF
BD3537CFBF7FBFD4
3F7F53D0BD945C41
BF2C862DBF3D2223
3E65CEE4BF797850
BF77C35ABE80D51C
3F7B5F78BE41CF6D
3F2A8DA83F3EE995
3F5E76D33EFD57DD
3F1CE2EEBF4A4B20
BF7EC3F23DC8E433
3F7FF4DABC9715F7
BF5C1ECC3F02B3C0
3CFEB47ABF7FE051
3F7ACF0F3E4D2BA4
BD4AC78A3F7FAFA4
BF6F135D3EB7126F
BF56BB6FBF0B60A7
BE67A899BF795CEC
3EC5BAB6BF6C23AA
3F4962FCBF1E0C7D
3F77FCCEBE7E2FDD
3F7F08FD3DB1A543
3F6F69D73EB54C2F
3F5548353F0D962B
3F3808AC3F31F428
3F1BA2D53F4B41CC
3F01EEA73F5C935D
3ED722A13F684DDB
3EB121563F70312A
3E9150443F757917
3E6DDB523F78FF7E
3E425CA83F7B58A7
3E1EA7C13F7CE89D
3E016B473F7DF27A
3DD30B493F7EA31B
3DAC05E13F7F1867
3D8C303F3F7F6648
3D6475C23F7F99FB
3D3A23D43F7FBC4B
3D17A6803F7FD311
3CF717D13F7FE22E
3CC94BE83F7FEC36
3CA3FC343F7FF2DE
3C8596903F7FF749
3C59A64F3F7FFA38
3C314D8B3F7FFC2A
3C106F593F7FFD74
3BEB51C63F7FFE4F
3BBFB2213F7FFEE1
3B9C28B53F7FFF41
3B7E6B843F7FFF82
3B4F414C3F7FFFAC
3B28D56A3F7FFFC8
3B0988EC3F7FFFDB
3AE0139A3F7FFFE7
3AB689633F7FFFF0
3A94B2923F7FFFF5
3A72435F3F7FFFF9
3A455A0D3F7FFFFB
3A20C4223F7FFFFD
3A02F67F3F7FFFFE
39D55E863F7FFFFF
39ADD0733F7FFFFF
398D97933F7FFFFF
BF5D533EBF00A6BF
3F21B386BF467743
BF7C68B9BE2AE931
BE9E406EBF7376FC
BF7B958A3E3D5FDF
3F5A5C42BF059F24
3F5A52683F05AF3C
3F760FA13E8D477F
3EE5EC78BF64BC33
BF77A4873E81C151
3F7D3BEDBE161EA3
BF4D3C403F19048F
BD5E4DE1BF7F9F68
3F7DC47D3E06F081
3BEA0C943F7FFE54
BF6A98C53ECCF14A
BF5BD20FBF0334A8
BE830D00BF7778D9
3EB9E213BF6E8862
3F4621DCBF221C1F
3F76E6B5BE874A0C
3F7F4FBC3D961B22
3F7065293EB00651
3F568A803F0BABED
3F3953A43F309B5F
3F1CD73F3F4A542F
3F02FF883F5BF1BC
3ED8F7183F67E0D5
3EB2AC0A3F6FE809
3E9298F03F754837
3E6FFA903F78DEE8
3E441B673F7B42F6
3E2015F73F7CDA30
3E0296D63F7DE8E4
3DD4F4AC3F7E9CBD
3DAD95443F7F142D
3D8D75FC3F7F637A
3D6688E33F7F981E
3D3BD4B93F7FBB0E
3D1907443F7FD23F
3CF956B13F7FE1A3
3CCB20493F7FEBDA
3CA579CA3F7FF2A1
3C86CD6F3F7FF720
3C5BA0CF3F7FFA1D
3C32EA293F7FFC18
3C11BF7B3F7FFD68
3BED756B3F7FFE47
3BC170413F7FFEDC
3B9D94213F7FFF3E
3B805DCF3F7FFF7F
3B5123A33F7FFFAB
3B2A5E563F7FFFC7
3B0AC9013F7FFFDA
3AE21D173F7FFFE7
3AB832333F7FFFEF
3A960CA13F7FFFF5
3A74772F3F7FFFF9
3A4725573F7FFFFB
3A223A483F7FFFFD
3A0427483F7FFFFE
39D74F183F7FFFFF
39AF64F73F7FFFFF
398EE1193F7FFFFF
BF63D6C03EE974C8
BE05B3FABF7DCEF5
BF61293C3EF3A06D
BF41237ABF28073A
BF4F66913F1611E4
3F1D8C34BF49C767
3F7794263E823E1E
3F7FC78C3D29F989
3E89747FBF769A1A
BF6A5A503ECE0E5A
3F7652E7BE8B6F7D
BF3C18D73F2DA746
BE0E95CEBF7D8190
3F7F7FA73D801C87
3D8299523F7F7A9D
BF659E373EE2605A
BF60991CBEF5B253
BE922638BF755953
3EADEBCCBF70C712
3F42CBC7BF261A9B
3F75BF47BE8F72AA
3F7F8A953D751404
3F71590B3EAABB01
3F57C8643F09BED2
3F3A9C173F2F402F
3F1E0A3E3F4964BE
3F040FA03F5B4EC8
3EDACAB23F6772E4
3EB436453F6F9E46
3E93E1593F7516E9
3E7219863F78BE08
3E45D9FF3F7B2D14
3E2184183F7CCBA2
3E03C2593F7DDF39
3DD6DE033F7E9651
3DAF24A03F7F0FE9
3D8EBBB63F7F60A5
3D689C003F7F963D
3D3D859C3F7FB9CF
3D1A68083F7FD16B
3CFB95903F7FE116
3CCCF4A83F7FEB7C
3CA6F7603F7FF263
3C88044D3F7FF6F7
3C5D9B4F3F7FFA01
3C3486C73F7FFC06
3C130F9C3F7FFD5C
3BEF990F3F7FFE40
3BC32E603F7FFED6
3B9EFF8D3F7FFF3A
3B8185DC3F7FFF7D
3B5305F93F7FFFA9
3B2BE7423F7FFFC6
3B0C09153F7FFFDA
3AE426943F7FFFE7
3AB9DB033F7FFFEF
3A9766B03F7FFFF5
3A76AAFF3F7FFFF9
3A48F0A23F7FFFFB
3A23B06D3F7FFFFD
3A0558123F7FFFFE
39D93FA93F7FFFFF
39B0F97A3F7FFFFF
39902A9F3F7FFFFF
BDC7074F3F7EC9CB
BF4F923CBF15D578
BECCB0CE3F6AA6D8
BF7C126FBE32B17D
BEF749563F602954
3E995AA6BF743F40
3F7FD7D1BD0F6AC4
3F7B1241BE47F7CB
3D9F5576BF7F395C
BF573A063F0A9CDC
3F6B5709BEC98157
BF28E4BC3F4061E5
BE648E1CBF798ABA
3F7FFE68BBE469C4
3DF626833F7E24EB
BF6026683EF753EF
BF650EDBBEE4A265
BEA11C55BF72FEDC
3EA1D9CCBF72DF60
3F3F6116BF2A0784
3F748698BE979136
3F7FB9873D3DE659
3F7245783EA56A6B
3F5901DB3F07CEE3
3F3BE1FF3F2DE29B
3F1F3BD03F48737C
3F051EED3F5AAA84
3EDC9D6D3F670406
3EB5C0073F6F53E1
3E9529813F74E52D
3E7438343F789CDD
3E4798703F7B16FF
3E22F2243F7CBCF3
3E04EDD13F7DD577
3DD8C74D3F7E8FD5
3DB0B3F63F7F0B9B
3D90016C3F7F5DC9
3D6AAF1A3F7F9457
3D3F367E3F7FB88D
3D1BC8CA3F7FD095
3CFDD46E3F7FE088
3CCEC9073F7FEB1E
3CA874F53F7FF224
3C893B2B3F7FF6CE
3C5F95CF3F7FF9E6
3C3623643F7FFBF3
3C145FBD3F7FFD50
3BF1BCB43F7FFE37
3BC4EC803F7FFED1
3BA06AF93F7FFF37
3B82ADE93F7FFF7B
3B54E8503F7FFFA7
3B2D702D3F7FFFC5
3B0D492A3F7FFFD9
3AE630103F7FFFE6
3ABB83D33F7FFFEF
3A98C0BF3F7FFFF5
3A78DECF3F7FFFF8
3A4ABBED3F7FFFFB
3A2526933F7FFFFD
3A0688DB3F7FFFFE
39DB303B3F7FFFFF
39B28DFD3F7FFFFF
399174253F7FFFFF
3F48F47A3F1E98E7
BF7B6C463E40C4F8
3E7FA3E63F77E4E6
BF6F1E933EB6D7D3
BD8259343F7F7B20
BD5F4A0CBF7F9E8C
3F726A05BEA493AC
3F6833BCBED79350
BDED2031BF7E473B
BF3EBD993F2ABED7
3F5C76D4BF021F0C
BF13D5EA3F50FFC7
BE9C6DFDBF73C24D
3F7F4025BD9C9811
3E3474B23F7BFE57
BF5A34553F05E04D
BF6931B0BED33FB4
BEAFEBBDBF706A06
3E95ADFFBF74D0F6
3F3BE226BF2DE271
3F733CBEBE9FA51E
3F7FDC8F3D06AFD5
3F732A673EA014B7
3F5A36DE3F05DC2B
3F3D25583F2C82AA
3F206BF13F47806A
3F062D6E3F5A04F0
3EDE6F473F66943D
3EB7494E3F6F08DA
3E9671653F74B303
3E76569A3F787B69
3E4956BA3F7B00B9
3E24601A3F7CAE23
3E06193D3F7DCB9E
3DDAB08B3F7E894B
3DB243453F7F0744
3D91471E3F7F5AE7
3D6CC22F3F7F926D
3D40E75D3F7FB748
3D1D298B3F7FCFBD
3D0009A53F7FDFF9
3CD09D663F7FEABF
3CA9F28A3F7FF1E5
3C8A72083F7FF6A4
3C61904E3F7FF9CA
3C37C0013F7FFBE1
3C15AFDF3F7FFD44
3BF3E0583F7FFE2F
3BC6AA9F3F7FFECC
3BA1D6653F7FFF33
3B83D5F63F7FFF78
3B56CAA63F7FFFA6
3B2EF9193F7FFFC4
3B0E893F3F7FFFD8
3AE8398D3F7FFFE6
3ABD2CA33F7FFFEF
3A9A1ACF3F7FFFF4
3A7B129F3F7FFFF8
3A4C87373F7FFFFB
3A269CB83F7FFFFD
3A07B9A43F7FFFFE
39DD20CC3F7FFFFF
39B422813F7FFFFF
3992BDAB3F7FFFFF
3F72080DBEA6D08B
BF0974763F57F7CA
3F4B0A123F1BEB81
BF1DF9863F4971DC
3EBC54853F6E0D69
BECD9F79BF6A72A7
3F506E42BF14A2CE
3F483C70BF1F8103
BE9C2C89BF73CCCB
BF2181253F46A045
3F49F142BF1D568A
BEFA4F223F5F5237
BEC5710FBF6C3312
3F7D45C7BE1513CD
3E6D41D13F7908A5
BF53CB3C3F0FCD9D
BF6D001ABEC1908A
BEBE90E2BF6D9B6E
3E896A55BF769B85
3F384F56BF31AAF7
3F71E1D0BEA7ADD0
3F7FF3AC3C9EE616
3F7407D13E9ABA10
3F5B67673F03E6B4
3F3E661E3F2B205F
3F219AA03F468B8A
3F073B213F595E0E
3EE0403E3F66238A
3EB8D2193F6EBD32
3E97B9063F74806C
3E7874B63F7859AB
3E4B14DC3F7AEA42
3E25CDFB3F7C9F32
3E07449E3F7DC1B0
3DDC99BD3F7E82B3
3DB3D28D3F7F02E3
3D928CCD3F7F57FF
3D6ED5403F7F907F
3D4298393F7FB600
3D1E8A4C3F7FCEE4
3D0129133F7FDF69
3CD271C33F7FEA5F
3CAB701F3F7FF1A6
3C8BA8E63F7FF67A
3C638ACD3F7FF9AE
3C395C9F3F7FFBCE
3C1700003F7FFD37
3BF603FD3F7FFE27
3BC868BF3F7FFEC6
3BA341D13F7FFF30
3B84FE033F7FFF76
3B58ACFC3F7FFFA4
3B3082053F7FFFC3
3B0FC9533F7FFFD8
3AEA430A3F7FFFE5
3ABED5733F7FFFEE
3A9B74DE3F7FFFF4
3A7D466E3F7FFFF8
3A4E52823F7FFFFB
3A2812DE3F7FFFFD
3A08EA6E3F7FFFFE
39DF115E3F7FFFFE
39B5B7043F7FFFFF
399407313F7FFFFF
3E72575DBF78BA44
3E7B2D7B3F782DD9
3F7FFD82BC0EECCC
BDFE3ABF3F7E0519
3F3AA7FA3F2F3385
BF3293FFBF376D97
3F1CC630BF4A6167
3F1CF9ECBF4A3949
BEF73638BF602E99
BF003F0C3F5D8F65
3F3414BDBF35F3EC
BECA32E13F6B30F5
BEED03BEBF62EB25
3F7A11C3BE5B22F3
3E92A5F83F754644
BF4CEE9B3F196C7C
BF7078B9BEAF9B4F
BECD0840BF6A93C1
3E7A2184BF783EC3
3F34A905BF3560B3
3F7075E7BEAFAABD
3F7FFEDB3BC1946B
3F74DDB03E955AA0
3F5C936F3F01EE88
3F3FA44C3F29BBC0
3F22C7D83F4594DF
3F0848043F58B5DE
3EE210523F65B1EC
3EBA5A673F6E70E8
3E9900633F744D66
3E7A92883F7837A3
3E4CD2D63F7AD399
3E273BC63F7C9020
3E086FF33F7DB7AC
3DDE82E13F7E7C0C
3DB561CF3F7EFE78
3D93D2783F7F5510
3D70E84D3F7F8E8D
3D4449143F7FB4B5
3D1FEB0A3F7FCE08
3D0248803F7FDED7
3CD446203F7FE9FF
3CACEDB33F7FF166
3C8CDFC33F7FF64F
3C65854C3F7FF992
3C3AF93C3F7FFBBB
3C1850213F7FFD2B
3BF827A13F7FFE1F
3BCA26DE3F7FFEC1
3BA4AD3D3F7FFF2C
3B8626103F7FFF73
3B5A8F533F7FFFA3
3B320AF13F7FFFC2
3B1109683F7FFFD7
3AEC4C863F7FFFE5
3AC07E433F7FFFEE
3A9CCEED3F7FFFF4
3A7F7A3E3F7FFFF8
3A501DCC3F7FFFFB
3A2989043F7FFFFC
3A0A1B373F7FFFFE
39E101EF3F7FFFFE
39B74B883F7FFFFF
399550B73F7FFFFF
BF30900BBF395E6F
3F5FA0973EF936A1
3F4849C9BF1F7040
3ECEF5C13F6A2750
3F7388133E9DD71B
BF679C00BEDA1C67
3EB7A632BF6EF706
3ED1B9A4BF6989A4
BF247DB4BF4428EE
BEB796AE3F6EFA01
3F1B3DD3BF4B8EFC
BE97DE4D3F747AA2
BF096E1BBF57FBD5
3F75A810BE90115C
3EAE327E3F70BA4B
BF45A2333F22B7AA
BF739A4BBE9D6681
BEDB4E5CBF6753BA
3E61467FBF79BA6D
3F30EF98BF39033D
3F6EF91DBEB79B55
3F7FFE1EBBF87888
3F75ABFD3E8FF693
3F5DBAF13EFFE764
3F40DFDE3F2854D1
3F23F3983F449C6C
3F0954163F580C61
3EE3DF7F3F653F64
3EBBE2373F6E23FD
3E9A477B3F7419F4
3E7CB0103F781551
3E4E90A73F7ABCBE
3E28A97B3F7C80EC
3E099B3C3F7DAD92
3DE06BF93F7E7556
3DB6F1093F7EFA03
3D95181F3F7F521B
3D72FB573F7F8C96
3D45F9EC3F7FB367
3D214BC83F7FCD2B
3D0367EC3F7FDE44
3CD61A7D3F7FE99D
3CAE6B473F7FF125
3C8E16A03F7FF624
3C677FCB3F7FF975
3C3C95D93F7FFBA9
3C19A0423F7FFD1E
3BFA4B453F7FFE17
3BCBE4FD3F7FFEBB
3BA618A93F7FFF28
3B874E1D3F7FFF71
3B5C71A93F7FFFA1
3B3393DC3F7FFFC1
3B12497C3F7FFFD6
3AEE56033F7FFFE4
3AC227133F7FFFEE
3A9E28FC3F7FFFF4
3A80D7073F7FFFF8
3A51E9173F7FFFFB
3A2AFF293F7FFFFC
3A0B4C003F7FFFFE
39E2F2813F7FFFFE
39B8E00B3F7FFFFF
39969A3D3F7FFFFF
BF7B61383E41AB25
3F741684BE9A5D3B
3E6E4D53BF78F8AE
3F513A6B3F1382E0
3F7DF05CBE01ADC0
BF7F275ABDA663A9
3D98B681BF7F498D
3E3B566CBF7BADF0
BF4735ADBF20C8B6
BE5439AB3F7A7111
3EFFAB5ABF5DCC42
BE47BDB73F7B1525
BF1B59ECBF4B798B
3F700E25BEB1DED6
3EC92FD93F6B6877
BF3DE9FC3F2BAA17
BF7663AEBE8AF8BA
BEE95FC9BF63DC21
3E484790BF7B0E48
3F2D2373BF3C9235
3F6D6B8BBEBF7F08
3F7FF173BCAC9E7A
3F7672B23E8A8E11
3F5EDDE73EFBEC77
3F4218D13F26EB98
3F251DDD3F43A231
3F0A5F563F576199
3EE5ADC43F64CBF3
3EBD69883F6DD671
3E9B8E4E3F73E613
3E7ECD4D3F77F2B5
3E504E503F7AA5B2
3E2A171A3F7C7198
3E0AC6793F7DA361
3DE255043F7E6E91
3DB8803C3F7EF584
3D965DC33F7F4F1F
3D750E5C3F7F8A9B
3D47AAC33F7FB217
3D22AC853F7FCC4B
3D0487583F7FDDB0
3CD7EED83F7FE93B
3CAFE8DB3F7FF0E4
3C8F4D7D3F7FF5F9
3C697A493F7FF958
3C3E32763F7FFB95
3C1AF0633F7FFD12
3BFC6EE93F7FFE0E
3BCDA31D3F7FFEB6
3BA784153F7FFF25
3B88762A3F7FFF6F
3B5E53FF3F7FFF9F
3B351CC83F7FFFC0
3B1389913F7FFFD5
3AF05F7F3F7FFFE4
3AC3CFE33F7FFFED
3A9F830C3F7FFFF4
3A81F0EF3F7FFFF8
3A53B4613F7FFFFB
3A2C754F3F7FFFFC
3A0C7CCA3F7FFFFE
39E4E3123F7FFFFE
39BA748E3F7FFFFF
3997E3C33F7FFFFF
BEBE28AE3F6DB04C
3EDEAA88BF6685F1
BED4D8DABF68D49A
3F7F4F033D9669A1
3F57E474BF0992D2
BF7636AE3E8C3652
BE5D0F51BF79F6AC
BD5D5DACBF7FA039
BF6275D5BEEEC2E5
BD4FF3E53F7FAB7C
3EC4A0A5BF6C5E85
BDBB1AD03F7EEDED
BF2C23E3BF3D7B9D
3F694AF2BED2D009
3EE387D73F655527
BF35CA2E3F343EE1
BF78D3E0BE70B147
BEF73926BF602DCB
3E2F28B3BF7C3A1D
3F2944FCBF400D3A
3F6BCD4EBEC7554A
3F7FD8DCBD0D8B63
3F7731C83E852148
3F5FFC4A3EF7EC5F
3F434F1E3F258018
3F2646A43F42A632
3F0B69C13F56B586
3EE77B1F3F645798
3EBEF0583F6D8844
3E9CD4DB3F73B1C6
3E80751F3F77CFCF
3E520BCF3F7A8E74
3E2B84A23F7C6222
3E0BF1AA3F7D991B
3DE43E023F7E67BD
3DBA0F683F7EF0FC
3D97A3623F7F4C1C
3D77215D3F7F889B
3D495B973F7FB0C3
3D240D403F7FCB6A
3D05A6C33F7FDD1A
3CD9C3333F7FE8D7
3CB1666E3F7FF0A2
3C9084593F7FF5CD
3C6B74C73F7FF93B
3C3FCF123F7FFB82
3C1C40843F7FFD05
3BFE928D3F7FFE06
3BCF613C3F7FFEB0
3BA8EF813F7FFF21
3B899E373F7FFF6C
3B6036563F7FFF9E
3B36A5B43F7FFFBF
3B14C9A63F7FFFD5
3AF268FC3F7FFFE3
3AC578B33F7FFFED
3AA0DD1B3F7FFFF3
3A830AD73F7FFFF8
3A557FAC3F7FFFFA
3A2DEB743F7FFFFC
3A0DAD933F7FFFFE
39E6D3A43F7FFFFE
39BC09123F7FFFFF
39992D493F7FFFFF
3F14A2EF3F506E2A
BEB69CCFBF6F29D9
BF634083BEEBBBB1
3F64947FBEE68A32
3F08A6D4BF587A21
BF4DED5F3F1815DE
BEF9DDB9BF5F71F5
BE937317BF752784
BF7538A5BE9300F9
3DDB16533F7E87ED
3E86557EBF770815
3C5A9DA73F7FFA2A
BF3BACADBF2E1C26
3F6166D6BEF2BC2B
3EFD24D33F5E8559
BF2D47373F3C7159
BF7AE9FFBE4B19F9
BF026B8FBF5C499A
3E15EDE9BF7D3DBB
3F25549EBF4373EE
3F6A1E84BECF1D8E
3F7FB459BD44C0F2
3F77E93A3E7F60C1
3F6116153EF3E731
3F4482C33F241258
3F276DEA3F41A871
3F0C73563F56082A
3EE9478E3F63E255
3EC076A83F6D3977
3E9E1B223F737D0B
3E8183713F77ACA0
3E53C9253F7A7705
3E2CF2153F7C528B
3E0D1CCE3F7D8EBE
3DE626F23F7E60DB
3DBB9E8E3F7EEC6A
3D98E8FE3F7F4914
3D7934593F7F8698
3D4B0C683F7FAF6D
3D256DFA3F7FCA87
3D06C62E3F7FDC84
3CDB978D3F7FE873
3CB2E4013F7FF05F
3C91BB363F7FF5A1
3C6D6F453F7FF91E
3C416BAF3F7FFB6F
3C1D90A53F7FFCF8
3C005B193F7FFDFD
3BD11F5B3F7FFEAA
3BAA5AEC3F7FFF1D
3B8AC6433F7FFF6A
3B6218AC3F7FFF9C
3B382EA03F7FFFBE
3B1609BA3F7FFFD4
3AF472783F7FFFE3
3AC721833F7FFFED
3AA2372A3F7FFFF3
3A8424BF3F7FFFF7
3A574AF63F7FFFFA
3A2F619A3F7FFFFC
3A0EDE5C3F7FFFFE
39E8C4353F7FFFFE
39BD9D953F7FFFFF
399A76CF3F7FFFFF
3F7FB25BBD47537E
BF6CA1D1BEC35BD2
BF7BA00F3E3C7FCE
3F08AA3ABF5877FC
3DFAB144BF7E1328
BF0B6C713F56B3C7
BF380208BF31FB06
BF0174B8BF5CDB03
BF7ECA11BDC6F101
3E862C763F770DA8
3E0BA33CBF7D9BCF
3DF1756B3F7E36EB
BF49D74DBF1D77D5
3F586B97BF08BDD9
3F0AF8E03F56FEA7
BF2465BB3F443D06
BF7CA54ABE253925
BF091B37BF58307D
3DF93672BF7E18FB
3F2152C1BF46C5F4
3F685F49BED6D747
3F7F83ECBD7BED55
3F7899013E74770D
3F622B413EEFDD02
3F45B3BB3F22A25C
3F2893AE3F40A8F0
3F0D7C133F555985
3EEB13103F636C2A
3EC1FC763F6CEA09
3E9F61223F7347E3
3E82919C3F778927
3E5586513F7A5F64
3E2E5F703F7C42D4
3E0E47E73F7D844C
3DE80FD53F7E59EB
3DBD2DAC3F7EE7CE
3D9A2E963F7F4604
3D7B47523F7F8490
3D4CBD383F7FAE14
3D26CEB33F7FC9A2
3D07E5973F7FDBEB
3CDD6BE63F7FE80E
3CB461933F7FF01C
3C92F2123F7FF575
3C6F69C33F7FF901
3C43084B3F7FFB5B
3C1EE0C63F7FFCEB
3C016CEB3F7FFDF5
3BD2DD7A3F7FFEA5
3BABC6583F7FFF19
3B8BEE503F7FFF67
3B63FB023F7FFF9A
3B39B78B3F7FFFBD
3B1749CF3F7FFFD3
3AF67BF53F7FFFE2
3AC8CA533F7FFFEC
3AA391393F7FFFF3
3A853EA73F7FFFF7
3A5916413F7FFFFA
3A30D7BF3F7FFFFC
3A100F253F7FFFFD
39EAB4C73F7FFFFE
39BF32183F7FFFFF
399BC0553F7FFFFF
3EFF5755BF5DE473
BF696C283ED23CC9
BF2932BE3F401D4E
3CB8D25CBF7FEF52
BE9FEA6CBF73315C
BE5CAD933F79FC12
BF637B07BEEAD981
BF31E2ADBF381992
BF7ECE463DC5971F
3ED23BF13F696C58
3C04C50CBF7FFDD9
3E6278393F79A924
BF568956BF0BADB7
3F4E6455BF177446
3F16ED1D3F4EC740
BF1B2A923F4B9DA9
BF7E0520BDFE3904
BF0FA9EFBF53E371
3DC66956BF7ECBB8
3F1D3FD4BF4A02F2
3F668FBEBEDE81EB
3F7F4798BD9986FE
3F7941193E6985CA
3F633BC93EEBCDE7
3F46E2023F21302A
3F29B7EB3F3FA7B1
3F0E83F83F54A999
3EECDDA23F62F517
3EC381C13F6C99FC
3EA0A6DB3F73124E
3E839FA13F776564
3E5743533F7A4792
3E2FCCB53F7C32FB
3E0F72F33F7D79C3
3DE9F8AB3F7E52EB
3DBEBCC23F7EE328
3D9B742A3F7F42EE
3D7D5A463F7F8283
3D4E6E053F7FACB8
3D282F6A3F7FC8BB
3D0905003F7FDB52
3CDF403F3F7FE7A9
3CB5DF253F7FEFD9
3C9428EE3F7FF548
3C7164413F7FF8E3
3C44A4E83F7FFB48
3C2030E73F7FFCDE
3C027EBC3F7FFDEC
3BD49B993F7FFE9F
3BAD31C43F7FFF16
3B8D165D3F7FFF64
3B65DD583F7FFF99
3B3B40773F7FFFBC
3B1889E33F7FFFD3
3AF885723F7FFFE2
3ACA73233F7FFFEC
3AA4EB483F7FFFF3
3A86588F3F7FFFF7
3A5AE18C3F7FFFFA
3A324DE53F7FFFFC
3A113FEF3F7FFFFD
39ECA5583F7FFFFE
39C0C69C3F7FFFFF
399D09DB3F7FFFFF
BEEB7878BF6351EE
BEA7625E3F71EEE0
BD6F4D733F7F900F
BEFD857BBF5E69D5
BF2FFEDFBF39E84A
3E106F013F7D70D1
BF7BAA37BE3BA662
BF584823BF08F5E7
BF75451A3E92ADBE
3F0C878F3F55FAE3
BDF65B78BF7E241E
3EA4DC993F725DA2
BF61AB18BEF1BDF8
3F435D7BBF256F24
3F22654E3F45E5E5
BF119AC73F528F3B
BF7F0901BDB1A3B7
BF161624BF4F637E
3D937C99BF7F55D7
3F191C43BF4D2A92
3F64B004BEE61CEF
3F7EFF60BDB5102A
3F79E17C3E5E8D4F
3F6447A83EE7B9F6
3F480D943F1FBBC5
3F2ADA9F3F3EA4B7
3F0F8B013F53F866
3EEEA7433F627D1D
3EC506883F6C494E
3EA1EC4B3F72DC4B
3E84AD7F3F774158
3E59002B3F7A2F8F
3E3139E23F7C2301
3E109DF33F7D6F25
3DEBE1743F7E4BDD
3DC04BD23F7EDE79
3D9CB9BA3F7F3FD2
3D7F6D373F7F8073
3D501ED03F7FAB59
3D2990213F7FC7D2
3D0A24693F7FDAB8
3CE114973F7FE742
3CB75CB73F7FEF95
3C955FCA3F7FF51B
3C735EBE3F7FF8C5
3C4641843F7FFB34
3C2181073F7FFCD1
3C03908E3F7FFDE3
3BD659B93F7FFE99
3BAE9D303F7FFF12
3B8E3E6A3F7FFF62
3B67BFAF3F7FFF97
3B3CC9633F7FFFBA
3B19C9F83F7FFFD2
3AFA8EEE3F7FFFE1
3ACC1BF33F7FFFEC
3AA645583F7FFFF3
3A8772773F7FFFF7
3A5CACD63F7FFFFA
3A33C40A3F7FFFFC
3A1270B83F7FFFFD
39EE95EA3F7FFFFE
39C25B1F3F7FFFFF
399E53613F7FFFFF
BF7EE558BDBE0173
3EED25043F62E274
3F11A22E3F528A1D
BF5F25BEBEFAED97
BF6E73A6BEBA4C5B
3EF594163F60A160
BF7E82A13DDC9EF1
BF727AB2BEA4314E
BF628A143EEE7607
3F2C713A3F3D353E
BE7C9E4BBF781672
3ED6ADB23F6868E4
BF6B27CCBECA5D78
3F3764B0BF329D22
3F2D58063F3C61E3
BF07BB8E3F590DF3
BF7FB090BD499C38
BF1C5E4ABF4AB1B9
3D40F0B1BF7FB741
3F14E880BF503C7D
3F62C03BBEEDA7CC
3F7EAB46BDD090E7
3F7A7A253E538DF2
3F654ED83EE3A143
3F49366C3F1E4534
3F2BFBC93F3DA004
3F10912F3F5345EE
3EF06FF13F62043D
3EC68AC93F6BF801
3EA331733F72A5DC
3E85BB353F771D02
3E5ABCD83F7A175A
3E32A6F93F7C12E6
3E11C8E63F7D6470
3DEDCA2E3F7E44C0
3DC1DADA3F7ED9BF
3D9DFF463F7F3CAF
3D80C0113F7F7E5E
3D51CF993F7FA9F7
3D2AF0D63F7FC6E7
3D0B43D03F7FDA1C
3CE2E8EE3F7FE6DB
3CB8DA483F7FEF50
3C9696A53F7FF4ED
3C75593B3F7FF8A7
3C47DE203F7FFB20
3C22D1283F7FFCC4
3C04A2603F7FFDDA
3BD817D83F7FFE93
3BB0089B3F7FFF0E
3B8F66773F7FFF5F
3B69A2053F7FFF95
3B3E524F3F7FFFB9
3B1B0A0D3F7FFFD1
3AFC986B3F7FFFE1
3ACDC4C23F7FFFEB
3AA79F673F7FFFF2
3A888C5F3F7FFFF7
3A5E78213F7FFFFA
3A353A303F7FFFFC
3A13A1813F7FFFFD
39F0867B3F7FFFFE
39C3EFA33F7FFFFF
399F9CE73F7FFFFF
BF1DB4D43F49A7A9
3F76687D3E8AD69F
3F7469163E984F1E
BF7FE59A3CE87C94
BF7F68BF3D8B1000
3F41D65E3F2738BD
BF6BC6833EC7756F
BF7F0015BDB4D01A
BF4750F33F20A6E6
3F480F853F1FB956
BEBCF0AEBF6DEE78
3F0311B23F5BE6E9
BF72EDC1BEA18366
3F2A88C9BF3EEDEF
3F37BC443F32430B
BEFB24993F5F1645
BF7FFB90BC3EA01B
BF2280E0BF45CF42
3CB592DCBF7FEFE6
3F10A4FCBF533860
3F60C087BEF521FA
3F7E4B4EBDEC07ED
3F7B0B103E48880B
3F6651543EDF83E5
3F4A5C873F1CCC7B
3F2D1B653F3C999A
3F11967E3F529232
3EF237AA3F618A76
3EC80E843F6BA614
3EA476513F726F00
3E86C8C33F76F862
3E5C79593F79FEF3
3E3413F83F7C02AA
3E12F3CC3F7D59A5
3DEFB2DB3F7E3D95
3DC369DA3F7ED4FD
3D9F44CE3F7F3986
3D81C9853F7F7C45
3D53805F3F7FA893
3D2C518A3F7FC5FB
3D0C63373F7FD97F
3CE4BD453F7FE673
3CBA57D93F7FEF0B
3C97CD813F7FF4BF
3C7753B83F7FF888
3C497ABC3F7FFB0B
3C2421483F7FFCB6
3C05B4323F7FFDD1
3BD9D5F73F7FFE8D
3BB174073F7FFF0A
3B908E843F7FFF5D
3B6B845B3F7FFF94
3B3FDB3A3F7FFFB8
3B1C4A213F7FFFD0
3AFEA1E73F7FFFE0
3ACF6D923F7FFFEB
3AA8F9763F7FFFF2
3A89A6473F7FFFF7
3A60436B3F7FFFFA
3A36B0553F7FFFFC
3A14D24B3F7FFFFD
39F2770D3F7FFFFE
39C584263F7FFFFF
39A0E66D3F7FFFFF
3EA8F48F3F71A8F2
3F5B9274BF039EFE
3F6F7310BEB51B73
BF57AB6A3F09EC2D
BF5FA1D63EF93228
3F70351B3EB10BF7
BF450C873F236CCA
BF7D23843E18ABE4
BF249EFB3F440D02
3F5EB25E3EFC8647
BEF87250BF5FD72D
3F195C243F4CFAD7
BF78EE75BE6EF7F6
3F1CD9B1BF4A524A
3F41897F3F2791AF
BEE649183F64A4E7
BF7FE9E63CD4BAD6
BF287C6CBF40BD46
BB36C4E4BF7FFFBF
3F0C522ABF561DEA
3F5EB10BBEFC8AF2
3F7DDF7EBE03B9F9
3F7B94383E3D7BF1
3F674F163EDB61F1
3F4B7FE13F1B51A0
3F2E39703F3B917D
3F129AEE3F51DD32
3EF3FE6C3F610FC9
3EC991B83F6B5388
3EA5BAE63F7237B7
3E87D6293F76D379
3E5E35AF3F79E65C
3E3580DF3F7BF24D
3E141EA63F7D4EC5
3DF19B7B3F7E365B
3DC4F8D43F7ED030
3DA08A523F7F3656
3D82D2F63F7F7A27
3D5531233F7FA72B
3D2DB23C3F7FC50C
3D0D829E3F7FD8E0
3CE6919B3F7FE609
3CBBD5693F7FEEC5
3C99045C3F7FF491
3C794E353F7FF86A
3C4B17583F7FFAF7
3C2571693F7FFCA9
3C06C6043F7FFDC8
3BDB94163F7FFE87
3BB2DF733F7FFF06
3B91B6913F7FFF5A
3B6D66B13F7FFF92
3B4164263F7FFFB7
3B1D8A363F7FFFD0
3B0055B23F7FFFE0
3AD116623F7FFFEB
3AAA53853F7FFFF2
3A8AC02F3F7FFFF7
3A620EB63F7FFFFA
3A38267B3F7FFFFC
3A1603143F7FFFFD
39F4679E3F7FFFFE
39C718A93F7FFFFF
39A22FF33F7FFFFF
3F78FE493E6DEF8B
3E5BA311BF7A0ABD
3F04DB28BF5AD3B7
BEE3E0063F653F42
BF152F233F5009E7
3F7FFEF5BBB8F8EF
BF0D9D4C3F554379
BF6CFFDD3EC191B4
BEF782493F60199D
3F6FC9743EB34FF7
BF17EC0FBF4E0C39
3F2DF7873F3BCE9F
BF7D1EB4BE192B42
3F0E685CBF54BC17
3F4AB7A83F1C5699
BED0EFF93F69B6D1
BF7F7B983D821E2E
BF2E4F7FBF3B7CFD
BCE34071BF7FE6C7
3F07F080BF58ECCE
3F5C91EDBF01F117
3F7D67DABE1169DA
3F7C15993E3269FB
3F6848193ED73B7D
3F4CA0763F19D4A7
3F2F55E83F3A87AD
3F139E7D3F5126F0
3EF5C4363F609437
3ECB14643F6B005D
3EA6FF313F720002
3E88E3673F76AE47
3E5FF1D93F79CD93
3E36EDAF3F7BE1CF
3E1549733F7D43CE
3DF3840C3F7E2F12
3DC687C53F7ECB59
3DA1CFD13F7F3320
3D83DC663F7F7805
3D56E1E43F7FA5C1
3D2F12ED3F7FC41C
3D0EA2033F7FD841
3CE865F03F7FE5A0
3CBD52F93F7FEE7F
3C9A3B373F7FF462
3C7B48B13F7FF84B
3C4CB3F43F7FFAE2
3C26C1893F7FFC9B
3C07D7D53F7FFDBF
3BDD52353F7FFE81
3BB44ADE3F7FFF02
3B92DE9E3F7FFF57
3B6F49073F7FFF90
3B42ED123F7FFFB6
3B1ECA4A3F7FFFCF
3B015A703F7FFFDF
3AD2BF323F7FFFEA
3AABAD953F7FFFF2
3A8BDA173F7FFFF6
3A63DA003F7FFFFA
3A399CA03F7FFFFC
3A1733DD3F7FFFFD
39F658303F7FFFFE
39C8AD2D3F7FFFFF
39A379793F7FFFFF